{
    "topology": {
        "name": "VtlWavenet2011",
        "nof_nodes": 92,
        "nof_links": 96
    },
    "scenarios": [
        {
            "rrs": [
                32,
                78
            ],
            "brs": [
                27,
                70,
                29,
                74,
                66,
                56,
                51,
                62,
                61,
                0
            ],
            "property": "Waypoint([src: 86, dst: XXX], 81)",
            "time-explore": 28.829164505004883,
            "finished": {
                "precision": 9.9692864921952e-05,
                "p_property": 0,
                "num_explored": 3488
            }
        },
        {
            "rrs": [
                2,
                47
            ],
            "brs": [
                71,
                18,
                30,
                34,
                70,
                38,
                32,
                69,
                12,
                66
            ],
            "property": "Waypoint([src: 91, dst: XXX], 35)",
            "time-explore": 14.792135000228882,
            "finished": {
                "precision": 9.968038698038305e-05,
                "p_property": 0.0019486114054623087,
                "num_explored": 1985
            }
        },
        {
            "rrs": [
                6,
                46
            ],
            "brs": [
                61,
                49,
                65,
                68,
                52,
                19,
                42,
                35,
                0,
                87
            ],
            "property": "Waypoint([src: 77, dst: XXX], 1)",
            "time-explore": 31.94408082962036,
            "finished": {
                "precision": 9.946538353733387e-05,
                "p_property": 0,
                "num_explored": 3665
            }
        },
        {
            "rrs": [
                20,
                11
            ],
            "brs": [
                39,
                30,
                38,
                88,
                63,
                90,
                1,
                55,
                84,
                64
            ],
            "property": "Waypoint([src: 45, dst: XXX], 54)",
            "time-explore": 11.265817880630493,
            "finished": {
                "precision": 9.987916510856286e-05,
                "p_property": 0,
                "num_explored": 1606
            }
        },
        {
            "rrs": [
                57,
                67
            ],
            "brs": [
                88,
                64,
                89,
                43,
                87,
                68,
                50,
                18,
                66,
                7
            ],
            "property": "Waypoint([src: 27, dst: XXX], 11)",
            "time-explore": 26.044673442840576,
            "finished": {
                "precision": 9.965534441414016e-05,
                "p_property": 2.9531543688008174e-05,
                "num_explored": 3122
            }
        },
        {
            "rrs": [
                1,
                26
            ],
            "brs": [
                89,
                34,
                85,
                60,
                51,
                49,
                70,
                63,
                52,
                50
            ],
            "property": "Waypoint([src: 75, dst: XXX], 9)",
            "time-explore": 24.49182105064392,
            "finished": {
                "precision": 9.941266153079556e-05,
                "p_property": 0,
                "num_explored": 3033
            }
        },
        {
            "rrs": [
                79,
                83
            ],
            "brs": [
                43,
                58,
                14,
                9,
                70,
                19,
                1,
                30,
                39,
                69
            ],
            "property": "Waypoint([src: 12, dst: XXX], 84)",
            "time-explore": 22.295867443084717,
            "finished": {
                "precision": 9.986087058022619e-05,
                "p_property": 0,
                "num_explored": 2643
            }
        },
        {
            "rrs": [
                40,
                79
            ],
            "brs": [
                75,
                32,
                33,
                31,
                77,
                86,
                71,
                14,
                41,
                62
            ],
            "property": "Waypoint([src: 20, dst: XXX], 4)",
            "time-explore": 19.9481360912323,
            "finished": {
                "precision": 9.96857316288846e-05,
                "p_property": 0.009794099928576949,
                "num_explored": 2480
            }
        },
        {
            "rrs": [
                78,
                60
            ],
            "brs": [
                31,
                41,
                8,
                10,
                89,
                37,
                4,
                74,
                77,
                12
            ],
            "property": "Waypoint([src: 3, dst: XXX], 51)",
            "time-explore": 24.51395559310913,
            "finished": {
                "precision": 9.931505294791249e-05,
                "p_property": 0,
                "num_explored": 2942
            }
        },
        {
            "rrs": [
                54,
                40
            ],
            "brs": [
                76,
                75,
                66,
                41,
                82,
                60,
                85,
                27,
                19,
                87
            ],
            "property": "Waypoint([src: 9, dst: XXX], 63)",
            "time-explore": 32.35376763343811,
            "finished": {
                "precision": 9.910738859153507e-05,
                "p_property": 0,
                "num_explored": 3746
            }
        }
    ]
}