{
    "topology": {
        "name": "Internode",
        "nof_nodes": 66,
        "nof_links": 78
    },
    "scenarios": [
        {
            "rrs": [
                12,
                18
            ],
            "brs": [
                23,
                62,
                63,
                50,
                65,
                57,
                44,
                53,
                30,
                48
            ],
            "property": "Waypoint([src: 3, dst: XXX], 52)",
            "time-explore": 1.600245475769043,
            "finished": {
                "precision": 9.97033718778129e-05,
                "p_property": 0,
                "num_explored": 390
            }
        },
        {
            "rrs": [
                6,
                7
            ],
            "brs": [
                23,
                31,
                38,
                32,
                53,
                8,
                4,
                51,
                12,
                34
            ],
            "property": "Waypoint([src: 36, dst: XXX], 39)",
            "time-explore": 0.8576643466949463,
            "finished": {
                "precision": 9.918465061153901e-05,
                "p_property": 0,
                "num_explored": 220
            }
        },
        {
            "rrs": [
                8,
                3
            ],
            "brs": [
                65,
                49,
                38,
                4,
                11,
                30,
                64,
                58,
                54,
                33
            ],
            "property": "Waypoint([src: 52, dst: XXX], 15)",
            "time-explore": 1.8813762664794922,
            "finished": {
                "precision": 9.925033382551787e-05,
                "p_property": 0,
                "num_explored": 456
            }
        },
        {
            "rrs": [
                7,
                60
            ],
            "brs": [
                25,
                55,
                30,
                50,
                0,
                64,
                8,
                63,
                44,
                57
            ],
            "property": "Waypoint([src: 34, dst: XXX], 51)",
            "time-explore": 1.3513741493225098,
            "finished": {
                "precision": 9.98680776800321e-05,
                "p_property": 0,
                "num_explored": 338
            }
        },
        {
            "rrs": [
                6,
                28
            ],
            "brs": [
                24,
                38,
                23,
                22,
                64,
                31,
                36,
                52,
                65,
                32
            ],
            "property": "Waypoint([src: 63, dst: XXX], 50)",
            "time-explore": 1.0103273391723633,
            "finished": {
                "precision": 9.918499736627509e-05,
                "p_property": 0,
                "num_explored": 261
            }
        },
        {
            "rrs": [
                51,
                57
            ],
            "brs": [
                23,
                24,
                58,
                25,
                50,
                27,
                2,
                60,
                11,
                4
            ],
            "property": "Waypoint([src: 18, dst: XXX], 29)",
            "time-explore": 0.8830015659332275,
            "finished": {
                "precision": 9.988237700209171e-05,
                "p_property": 0,
                "num_explored": 231
            }
        },
        {
            "rrs": [
                36,
                10
            ],
            "brs": [
                16,
                25,
                41,
                2,
                46,
                18,
                65,
                15,
                49,
                55
            ],
            "property": "Waypoint([src: 38, dst: XXX], 13)",
            "time-explore": 1.2932281494140625,
            "finished": {
                "precision": 9.98920303808548e-05,
                "p_property": 0,
                "num_explored": 333
            }
        },
        {
            "rrs": [
                7,
                13
            ],
            "brs": [
                12,
                63,
                59,
                22,
                29,
                4,
                38,
                31,
                65,
                23
            ],
            "property": "Waypoint([src: 9, dst: XXX], 24)",
            "time-explore": 0.7229647636413574,
            "finished": {
                "precision": 9.976814861167862e-05,
                "p_property": 0,
                "num_explored": 186
            }
        },
        {
            "rrs": [
                18,
                28
            ],
            "brs": [
                45,
                56,
                53,
                64,
                11,
                40,
                25,
                39,
                0,
                51
            ],
            "property": "Waypoint([src: 5, dst: XXX], 44)",
            "time-explore": 0.656867504119873,
            "finished": {
                "precision": 9.975408425333407e-05,
                "p_property": 0,
                "num_explored": 177
            }
        },
        {
            "rrs": [
                19,
                23
            ],
            "brs": [
                56,
                59,
                30,
                63,
                7,
                31,
                12,
                22,
                64,
                34
            ],
            "property": "Waypoint([src: 26, dst: XXX], 57)",
            "time-explore": 0.8696849346160889,
            "finished": {
                "precision": 9.986377202708681e-05,
                "p_property": 0,
                "num_explored": 230
            }
        }
    ]
}