{
    "topology": {
        "name": "AttMpls",
        "nof_nodes": 25,
        "nof_links": 57
    },
    "scenarios": [
        {
            "rrs": [
                16,
                21
            ],
            "brs": [
                13,
                12,
                19,
                11,
                23,
                22,
                24,
                1,
                14,
                10
            ],
            "property": "Waypoint([src: 0, dst: XXX], 9)",
            "time-explore": 1.1149566173553467,
            "finished": {
                "precision": 9.980444930124394e-05,
                "p_property": 0,
                "num_explored": 386
            }
        },
        {
            "rrs": [
                0,
                2
            ],
            "brs": [
                11,
                14,
                23,
                1,
                19,
                12,
                18,
                24,
                10,
                4
            ],
            "property": "Waypoint([src: 21, dst: XXX], 17)",
            "time-explore": 0.8167955875396729,
            "finished": {
                "precision": 9.903233451702405e-05,
                "p_property": 0,
                "num_explored": 282
            }
        },
        {
            "rrs": [
                19,
                16
            ],
            "brs": [
                14,
                12,
                18,
                11,
                4,
                7,
                24,
                1,
                10,
                23
            ],
            "property": "Waypoint([src: 17, dst: XXX], 21)",
            "time-explore": 0.7039685249328613,
            "finished": {
                "precision": 9.96081778428248e-05,
                "p_property": 0,
                "num_explored": 253
            }
        },
        {
            "rrs": [
                20,
                6
            ],
            "brs": [
                23,
                8,
                22,
                24,
                14,
                13,
                10,
                7,
                5,
                11
            ],
            "property": "Waypoint([src: 17, dst: XXX], 3)",
            "time-explore": 0.5643701553344727,
            "finished": {
                "precision": 9.948147268501459e-05,
                "p_property": 0,
                "num_explored": 204
            }
        },
        {
            "rrs": [
                2,
                5
            ],
            "brs": [
                11,
                15,
                18,
                19,
                10,
                7,
                4,
                16,
                12,
                3
            ],
            "property": "Waypoint([src: 24, dst: XXX], 23)",
            "time-explore": 1.2226297855377197,
            "finished": {
                "precision": 9.953175317289895e-05,
                "p_property": 1.9340795827965067e-06,
                "num_explored": 395
            }
        },
        {
            "rrs": [
                15,
                16
            ],
            "brs": [
                7,
                23,
                5,
                11,
                4,
                22,
                8,
                10,
                14,
                17
            ],
            "property": "Waypoint([src: 3, dst: XXX], 9)",
            "time-explore": 0.5395016670227051,
            "finished": {
                "precision": 9.913447273357523e-05,
                "p_property": 0,
                "num_explored": 202
            }
        },
        {
            "rrs": [
                18,
                1
            ],
            "brs": [
                24,
                19,
                5,
                23,
                10,
                12,
                13,
                14,
                8,
                7
            ],
            "property": "Waypoint([src: 11, dst: XXX], 0)",
            "time-explore": 0.8804781436920166,
            "finished": {
                "precision": 9.956186490489571e-05,
                "p_property": 0,
                "num_explored": 290
            }
        },
        {
            "rrs": [
                0,
                20
            ],
            "brs": [
                24,
                12,
                4,
                8,
                1,
                14,
                13,
                11,
                19,
                10
            ],
            "property": "Waypoint([src: 16, dst: XXX], 5)",
            "time-explore": 1.0587396621704102,
            "finished": {
                "precision": 9.912927812827374e-05,
                "p_property": 0,
                "num_explored": 347
            }
        },
        {
            "rrs": [
                6,
                19
            ],
            "brs": [
                23,
                14,
                13,
                8,
                10,
                24,
                7,
                0,
                4,
                12
            ],
            "property": "Waypoint([src: 17, dst: XXX], 11)",
            "time-explore": 0.7921721935272217,
            "finished": {
                "precision": 9.940421255905109e-05,
                "p_property": 0,
                "num_explored": 270
            }
        },
        {
            "rrs": [
                0,
                16
            ],
            "brs": [
                22,
                7,
                13,
                19,
                24,
                10,
                5,
                1,
                8,
                15
            ],
            "property": "Waypoint([src: 4, dst: XXX], 6)",
            "time-explore": 1.159869909286499,
            "finished": {
                "precision": 9.969909159435185e-05,
                "p_property": 0,
                "num_explored": 369
            }
        }
    ]
}