{
    "topology": {
        "name": "Geant2009",
        "nof_nodes": 34,
        "nof_links": 52
    },
    "scenarios": [
        {
            "rrs": [
                3,
                13
            ],
            "brs": [
                14,
                26,
                20,
                11,
                12,
                28,
                33,
                21,
                27,
                19
            ],
            "property": "Waypoint([src: 32, dst: XXX], 4)",
            "time-explore": 1.7066287994384766,
            "finished": {
                "precision": 9.984179985023102e-05,
                "p_property": 0.9969289411777151,
                "num_explored": 512
            }
        },
        {
            "rrs": [
                30,
                19
            ],
            "brs": [
                18,
                2,
                33,
                31,
                13,
                29,
                10,
                14,
                28,
                11
            ],
            "property": "Waypoint([src: 25, dst: XXX], 20)",
            "time-explore": 1.1933152675628662,
            "finished": {
                "precision": 9.976100719621962e-05,
                "p_property": 0,
                "num_explored": 394
            }
        },
        {
            "rrs": [
                12,
                3
            ],
            "brs": [
                16,
                26,
                15,
                27,
                17,
                14,
                13,
                22,
                7,
                5
            ],
            "property": "Waypoint([src: 11, dst: XXX], 29)",
            "time-explore": 0.9192862510681152,
            "finished": {
                "precision": 9.969582809288284e-05,
                "p_property": 0,
                "num_explored": 309
            }
        },
        {
            "rrs": [
                13,
                17
            ],
            "brs": [
                22,
                19,
                32,
                33,
                15,
                29,
                27,
                16,
                28,
                11
            ],
            "property": "Waypoint([src: 7, dst: XXX], 10)",
            "time-explore": 1.5366270542144775,
            "finished": {
                "precision": 9.905971530854715e-05,
                "p_property": 9.646229185299442e-07,
                "num_explored": 476
            }
        },
        {
            "rrs": [
                18,
                19
            ],
            "brs": [
                27,
                15,
                3,
                29,
                16,
                17,
                31,
                20,
                1,
                28
            ],
            "property": "Waypoint([src: 33, dst: XXX], 5)",
            "time-explore": 0.7721679210662842,
            "finished": {
                "precision": 9.955029877029015e-05,
                "p_property": 0,
                "num_explored": 265
            }
        },
        {
            "rrs": [
                6,
                5
            ],
            "brs": [
                14,
                8,
                28,
                13,
                32,
                1,
                3,
                20,
                9,
                17
            ],
            "property": "Waypoint([src: 10, dst: XXX], 15)",
            "time-explore": 0.7480275630950928,
            "finished": {
                "precision": 9.950177254869355e-05,
                "p_property": 0,
                "num_explored": 260
            }
        },
        {
            "rrs": [
                11,
                2
            ],
            "brs": [
                14,
                18,
                29,
                21,
                16,
                5,
                13,
                20,
                28,
                30
            ],
            "property": "Waypoint([src: 4, dst: XXX], 6)",
            "time-explore": 1.1078064441680908,
            "finished": {
                "precision": 9.940394290686165e-05,
                "p_property": 0,
                "num_explored": 370
            }
        },
        {
            "rrs": [
                26,
                32
            ],
            "brs": [
                11,
                9,
                14,
                20,
                33,
                19,
                31,
                30,
                27,
                28
            ],
            "property": "Waypoint([src: 12, dst: XXX], 21)",
            "time-explore": 0.45353126525878906,
            "finished": {
                "precision": 9.969232432183181e-05,
                "p_property": 0,
                "num_explored": 161
            }
        },
        {
            "rrs": [
                4,
                10
            ],
            "brs": [
                12,
                27,
                1,
                24,
                18,
                31,
                30,
                14,
                32,
                15
            ],
            "property": "Waypoint([src: 16, dst: XXX], 33)",
            "time-explore": 1.1461091041564941,
            "finished": {
                "precision": 9.990092538447733e-05,
                "p_property": 0,
                "num_explored": 371
            }
        },
        {
            "rrs": [
                13,
                8
            ],
            "brs": [
                27,
                9,
                31,
                19,
                30,
                32,
                29,
                11,
                26,
                17
            ],
            "property": "Waypoint([src: 25, dst: XXX], 16)",
            "time-explore": 0.6892504692077637,
            "finished": {
                "precision": 9.917297645345443e-05,
                "p_property": 0,
                "num_explored": 244
            }
        }
    ]
}