{
    "topology": {
        "name": "Missouri",
        "nof_nodes": 67,
        "nof_links": 83
    },
    "scenarios": [
        {
            "rrs": [
                33,
                21
            ],
            "brs": [
                8,
                60,
                7,
                35,
                44,
                5,
                61,
                18,
                47,
                28
            ],
            "property": "Waypoint([src: 63, dst: XXX], 16)",
            "time-explore": 3.2190263271331787,
            "finished": {
                "precision": 9.969585021607497e-05,
                "p_property": 0.9969025317623124,
                "num_explored": 647
            }
        },
        {
            "rrs": [
                63,
                58
            ],
            "brs": [
                8,
                57,
                13,
                48,
                59,
                21,
                45,
                35,
                23,
                47
            ],
            "property": "Waypoint([src: 61, dst: XXX], 65)",
            "time-explore": 5.749994516372681,
            "finished": {
                "precision": 9.969336470261318e-05,
                "p_property": 2.867939364208515e-06,
                "num_explored": 1096
            }
        },
        {
            "rrs": [
                53,
                63
            ],
            "brs": [
                9,
                13,
                15,
                43,
                28,
                65,
                52,
                0,
                7,
                48
            ],
            "property": "Waypoint([src: 49, dst: XXX], 30)",
            "time-explore": 1.9818851947784424,
            "finished": {
                "precision": 9.985892190011996e-05,
                "p_property": 9.617319426784898e-07,
                "num_explored": 433
            }
        },
        {
            "rrs": [
                50,
                10
            ],
            "brs": [
                2,
                18,
                65,
                3,
                9,
                55,
                52,
                27,
                13,
                23
            ],
            "property": "Waypoint([src: 4, dst: XXX], 57)",
            "time-explore": 5.396049976348877,
            "finished": {
                "precision": 9.980959235733607e-05,
                "p_property": 0,
                "num_explored": 1048
            }
        },
        {
            "rrs": [
                9,
                25
            ],
            "brs": [
                8,
                36,
                27,
                40,
                52,
                14,
                5,
                4,
                32,
                54
            ],
            "property": "Waypoint([src: 50, dst: XXX], 62)",
            "time-explore": 3.469452381134033,
            "finished": {
                "precision": 9.985893144970344e-05,
                "p_property": 0.000990535985439694,
                "num_explored": 719
            }
        },
        {
            "rrs": [
                49,
                35
            ],
            "brs": [
                52,
                43,
                34,
                60,
                3,
                40,
                29,
                53,
                33,
                19
            ],
            "property": "Waypoint([src: 37, dst: XXX], 13)",
            "time-explore": 5.837789058685303,
            "finished": {
                "precision": 9.955312861853469e-05,
                "p_property": 0,
                "num_explored": 1079
            }
        },
        {
            "rrs": [
                63,
                16
            ],
            "brs": [
                37,
                33,
                46,
                36,
                53,
                59,
                43,
                2,
                66,
                7
            ],
            "property": "Waypoint([src: 30, dst: XXX], 27)",
            "time-explore": 1.8695330619812012,
            "finished": {
                "precision": 9.980193088343643e-05,
                "p_property": 0,
                "num_explored": 408
            }
        },
        {
            "rrs": [
                50,
                56
            ],
            "brs": [
                27,
                3,
                31,
                12,
                52,
                22,
                11,
                35,
                43,
                5
            ],
            "property": "Waypoint([src: 64, dst: XXX], 4)",
            "time-explore": 4.574073314666748,
            "finished": {
                "precision": 9.926530843906717e-05,
                "p_property": 0,
                "num_explored": 900
            }
        },
        {
            "rrs": [
                17,
                39
            ],
            "brs": [
                0,
                26,
                47,
                3,
                55,
                24,
                56,
                29,
                46,
                11
            ],
            "property": "Waypoint([src: 34, dst: XXX], 59)",
            "time-explore": 3.3339314460754395,
            "finished": {
                "precision": 9.9400370869196e-05,
                "p_property": 0,
                "num_explored": 700
            }
        },
        {
            "rrs": [
                1,
                63
            ],
            "brs": [
                34,
                37,
                65,
                27,
                60,
                23,
                53,
                48,
                40,
                28
            ],
            "property": "Waypoint([src: 46, dst: XXX], 55)",
            "time-explore": 2.885085105895996,
            "finished": {
                "precision": 9.920804514529376e-05,
                "p_property": 0,
                "num_explored": 611
            }
        }
    ]
}