{
    "topology": {
        "name": "Bellsouth",
        "nof_nodes": 51,
        "nof_links": 66
    },
    "scenarios": [
        {
            "rrs": [
                50,
                26
            ],
            "brs": [
                37,
                48,
                13,
                33,
                19,
                8,
                24,
                15,
                30,
                46
            ],
            "property": "Waypoint([src: 20, dst: XXX], 29)",
            "time-explore": 0.5519821643829346,
            "finished": {
                "precision": 9.96337578926809e-05,
                "p_property": 0,
                "num_explored": 178
            }
        },
        {
            "rrs": [
                7,
                4
            ],
            "brs": [
                33,
                3,
                5,
                36,
                6,
                13,
                15,
                47,
                14,
                16
            ],
            "property": "Waypoint([src: 20, dst: XXX], 19)",
            "time-explore": 0.6719765663146973,
            "finished": {
                "precision": 9.977276054717882e-05,
                "p_property": 0,
                "num_explored": 211
            }
        },
        {
            "rrs": [
                26,
                32
            ],
            "brs": [
                20,
                10,
                3,
                0,
                41,
                24,
                14,
                42,
                46,
                23
            ],
            "property": "Waypoint([src: 35, dst: XXX], 31)",
            "time-explore": 0.4336354732513428,
            "finished": {
                "precision": 9.944546964901763e-05,
                "p_property": 1.963322221915845e-06,
                "num_explored": 143
            }
        },
        {
            "rrs": [
                35,
                30
            ],
            "brs": [
                13,
                3,
                22,
                2,
                27,
                46,
                47,
                14,
                34,
                10
            ],
            "property": "Waypoint([src: 50, dst: XXX], 20)",
            "time-explore": 0.39667224884033203,
            "finished": {
                "precision": 9.926038539920241e-05,
                "p_property": 0,
                "num_explored": 133
            }
        },
        {
            "rrs": [
                17,
                26
            ],
            "brs": [
                13,
                14,
                2,
                0,
                49,
                29,
                15,
                16,
                45,
                28
            ],
            "property": "Waypoint([src: 7, dst: XXX], 37)",
            "time-explore": 0.5366039276123047,
            "finished": {
                "precision": 9.972457782825296e-05,
                "p_property": 0,
                "num_explored": 167
            }
        },
        {
            "rrs": [
                37,
                11
            ],
            "brs": [
                0,
                47,
                17,
                36,
                13,
                23,
                9,
                8,
                41,
                29
            ],
            "property": "Waypoint([src: 16, dst: XXX], 19)",
            "time-explore": 0.9248170852661133,
            "finished": {
                "precision": 9.925454061499032e-05,
                "p_property": 0,
                "num_explored": 285
            }
        },
        {
            "rrs": [
                1,
                37
            ],
            "brs": [
                8,
                14,
                23,
                18,
                30,
                22,
                20,
                16,
                31,
                5
            ],
            "property": "Waypoint([src: 28, dst: XXX], 34)",
            "time-explore": 0.8327093124389648,
            "finished": {
                "precision": 9.988203710975524e-05,
                "p_property": 0,
                "num_explored": 257
            }
        },
        {
            "rrs": [
                35,
                45
            ],
            "brs": [
                0,
                16,
                30,
                17,
                21,
                34,
                46,
                37,
                22,
                32
            ],
            "property": "Waypoint([src: 41, dst: XXX], 13)",
            "time-explore": 0.6757946014404297,
            "finished": {
                "precision": 9.974064851503423e-05,
                "p_property": 0,
                "num_explored": 207
            }
        },
        {
            "rrs": [
                1,
                49
            ],
            "brs": [
                22,
                24,
                30,
                9,
                6,
                47,
                50,
                5,
                36,
                37
            ],
            "property": "Waypoint([src: 21, dst: XXX], 25)",
            "time-explore": 0.7554805278778076,
            "finished": {
                "precision": 9.983978410399436e-05,
                "p_property": 0,
                "num_explored": 233
            }
        },
        {
            "rrs": [
                26,
                37
            ],
            "brs": [
                29,
                36,
                47,
                42,
                15,
                28,
                14,
                5,
                6,
                49
            ],
            "property": "Waypoint([src: 43, dst: XXX], 31)",
            "time-explore": 0.43848681449890137,
            "finished": {
                "precision": 9.94397644669131e-05,
                "p_property": 0.9979264607928416,
                "num_explored": 146
            }
        }
    ]
}