{
    "topology": {
        "name": "Geant2012",
        "nof_nodes": 40,
        "nof_links": 61
    },
    "scenarios": [
        {
            "rrs": [
                5,
                3
            ],
            "brs": [
                21,
                39,
                9,
                11,
                12,
                7,
                15,
                14,
                10,
                34
            ],
            "property": "Waypoint([src: 24, dst: XXX], 33)",
            "time-explore": 1.210564136505127,
            "finished": {
                "precision": 9.976791005195114e-05,
                "p_property": 0,
                "num_explored": 356
            }
        },
        {
            "rrs": [
                3,
                39
            ],
            "brs": [
                35,
                20,
                32,
                6,
                12,
                9,
                19,
                30,
                24,
                22
            ],
            "property": "Waypoint([src: 33, dst: XXX], 27)",
            "time-explore": 1.2189130783081055,
            "finished": {
                "precision": 9.996068383910656e-05,
                "p_property": 0,
                "num_explored": 353
            }
        },
        {
            "rrs": [
                5,
                3
            ],
            "brs": [
                14,
                28,
                33,
                25,
                21,
                24,
                26,
                34,
                22,
                27
            ],
            "property": "Waypoint([src: 15, dst: XXX], 0)",
            "time-explore": 0.6210300922393799,
            "finished": {
                "precision": 9.905853212910375e-05,
                "p_property": 0,
                "num_explored": 201
            }
        },
        {
            "rrs": [
                23,
                5
            ],
            "brs": [
                4,
                2,
                24,
                30,
                37,
                14,
                17,
                18,
                15,
                11
            ],
            "property": "Waypoint([src: 8, dst: XXX], 13)",
            "time-explore": 0.6576712131500244,
            "finished": {
                "precision": 9.999298569196563e-05,
                "p_property": 0,
                "num_explored": 215
            }
        },
        {
            "rrs": [
                10,
                28
            ],
            "brs": [
                1,
                21,
                32,
                30,
                36,
                38,
                35,
                27,
                8,
                11
            ],
            "property": "Waypoint([src: 29, dst: XXX], 33)",
            "time-explore": 0.8934214115142822,
            "finished": {
                "precision": 9.990676412230386e-05,
                "p_property": 0,
                "num_explored": 276
            }
        },
        {
            "rrs": [
                30,
                2
            ],
            "brs": [
                0,
                18,
                32,
                26,
                33,
                24,
                11,
                14,
                19,
                16
            ],
            "property": "Waypoint([src: 7, dst: XXX], 13)",
            "time-explore": 1.6217126846313477,
            "finished": {
                "precision": 9.913601071942502e-05,
                "p_property": 0,
                "num_explored": 458
            }
        },
        {
            "rrs": [
                16,
                23
            ],
            "brs": [
                6,
                32,
                25,
                39,
                1,
                34,
                33,
                38,
                20,
                21
            ],
            "property": "Waypoint([src: 4, dst: XXX], 31)",
            "time-explore": 1.8023574352264404,
            "finished": {
                "precision": 9.960223930682852e-05,
                "p_property": 0,
                "num_explored": 510
            }
        },
        {
            "rrs": [
                13,
                2
            ],
            "brs": [
                33,
                16,
                31,
                1,
                11,
                14,
                17,
                10,
                36,
                39
            ],
            "property": "Waypoint([src: 22, dst: XXX], 30)",
            "time-explore": 1.2938532829284668,
            "finished": {
                "precision": 9.9976003222313e-05,
                "p_property": 0,
                "num_explored": 381
            }
        },
        {
            "rrs": [
                5,
                6
            ],
            "brs": [
                16,
                13,
                33,
                18,
                14,
                23,
                11,
                21,
                38,
                37
            ],
            "property": "Waypoint([src: 0, dst: XXX], 28)",
            "time-explore": 1.8594093322753906,
            "finished": {
                "precision": 9.933009214180277e-05,
                "p_property": 0,
                "num_explored": 539
            }
        },
        {
            "rrs": [
                23,
                5
            ],
            "brs": [
                27,
                12,
                34,
                10,
                1,
                37,
                28,
                18,
                11,
                33
            ],
            "property": "Waypoint([src: 14, dst: XXX], 26)",
            "time-explore": 0.7990894317626953,
            "finished": {
                "precision": 9.952900673082524e-05,
                "p_property": 0,
                "num_explored": 253
            }
        }
    ]
}