{
    "topology": {
        "name": "Bellcanada",
        "nof_nodes": 48,
        "nof_links": 65
    },
    "scenarios": [
        {
            "rrs": [
                36,
                40
            ],
            "brs": [
                15,
                6,
                3,
                1,
                19,
                18,
                39,
                47,
                27,
                37
            ],
            "property": "Waypoint([src: 24, dst: XXX], 0)",
            "time-explore": 1.830824375152588,
            "finished": {
                "precision": 9.920423916587318e-05,
                "p_property": 0,
                "num_explored": 491
            }
        },
        {
            "rrs": [
                30,
                44
            ],
            "brs": [
                38,
                18,
                6,
                14,
                36,
                39,
                4,
                1,
                46,
                27
            ],
            "property": "Waypoint([src: 20, dst: XXX], 40)",
            "time-explore": 2.5181264877319336,
            "finished": {
                "precision": 9.911617620528279e-05,
                "p_property": 0,
                "num_explored": 653
            }
        },
        {
            "rrs": [
                40,
                41
            ],
            "brs": [
                1,
                4,
                2,
                47,
                0,
                22,
                8,
                6,
                3,
                33
            ],
            "property": "Waypoint([src: 21, dst: XXX], 15)",
            "time-explore": 1.0775268077850342,
            "finished": {
                "precision": 9.994934547963294e-05,
                "p_property": 0.0009918164565501514,
                "num_explored": 307
            }
        },
        {
            "rrs": [
                45,
                35
            ],
            "brs": [
                3,
                9,
                41,
                24,
                46,
                7,
                2,
                20,
                25,
                32
            ],
            "property": "Waypoint([src: 37, dst: XXX], 8)",
            "time-explore": 2.5105512142181396,
            "finished": {
                "precision": 9.928833087957675e-05,
                "p_property": 0,
                "num_explored": 640
            }
        },
        {
            "rrs": [
                40,
                15
            ],
            "brs": [
                30,
                36,
                20,
                34,
                37,
                10,
                7,
                39,
                16,
                5
            ],
            "property": "Waypoint([src: 38, dst: XXX], 26)",
            "time-explore": 2.3220815658569336,
            "finished": {
                "precision": 9.951210512426649e-05,
                "p_property": 0,
                "num_explored": 604
            }
        },
        {
            "rrs": [
                12,
                40
            ],
            "brs": [
                26,
                25,
                18,
                0,
                7,
                11,
                30,
                2,
                45,
                32
            ],
            "property": "Waypoint([src: 19, dst: XXX], 42)",
            "time-explore": 0.9368870258331299,
            "finished": {
                "precision": 9.948939476511756e-05,
                "p_property": 0,
                "num_explored": 286
            }
        },
        {
            "rrs": [
                17,
                37
            ],
            "brs": [
                2,
                0,
                34,
                26,
                18,
                15,
                22,
                10,
                31,
                3
            ],
            "property": "Waypoint([src: 32, dst: XXX], 38)",
            "time-explore": 1.9942684173583984,
            "finished": {
                "precision": 9.950813686854236e-05,
                "p_property": 0,
                "num_explored": 527
            }
        },
        {
            "rrs": [
                45,
                14
            ],
            "brs": [
                3,
                42,
                7,
                5,
                26,
                18,
                44,
                34,
                46,
                33
            ],
            "property": "Waypoint([src: 31, dst: XXX], 4)",
            "time-explore": 1.521902322769165,
            "finished": {
                "precision": 9.997696075447757e-05,
                "p_property": 0,
                "num_explored": 427
            }
        },
        {
            "rrs": [
                5,
                28
            ],
            "brs": [
                11,
                2,
                32,
                9,
                1,
                8,
                0,
                36,
                25,
                46
            ],
            "property": "Waypoint([src: 38, dst: XXX], 10)",
            "time-explore": 1.5521559715270996,
            "finished": {
                "precision": 9.953676669272042e-05,
                "p_property": 0,
                "num_explored": 422
            }
        },
        {
            "rrs": [
                29,
                21
            ],
            "brs": [
                7,
                6,
                19,
                4,
                45,
                33,
                32,
                10,
                38,
                2
            ],
            "property": "Waypoint([src: 15, dst: XXX], 3)",
            "time-explore": 1.4106385707855225,
            "finished": {
                "precision": 9.97124983680431e-05,
                "p_property": 0,
                "num_explored": 403
            }
        }
    ]
}