{
    "topology": {
        "name": "Garr201005",
        "nof_nodes": 55,
        "nof_links": 72
    },
    "scenarios": [
        {
            "rrs": [
                4,
                7
            ],
            "brs": [
                22,
                47,
                41,
                42,
                20,
                31,
                6,
                17,
                44,
                26
            ],
            "property": "Waypoint([src: 1, dst: XXX], 35)",
            "time-explore": 0.37352991104125977,
            "finished": {
                "precision": 9.932919595168069e-05,
                "p_property": 0,
                "num_explored": 118
            }
        },
        {
            "rrs": [
                40,
                39
            ],
            "brs": [
                21,
                52,
                34,
                19,
                36,
                44,
                33,
                15,
                51,
                46
            ],
            "property": "Waypoint([src: 27, dst: XXX], 43)",
            "time-explore": 1.4845328330993652,
            "finished": {
                "precision": 9.935999879662212e-05,
                "p_property": 9.733480924695589e-07,
                "num_explored": 402
            }
        },
        {
            "rrs": [
                9,
                8
            ],
            "brs": [
                28,
                54,
                23,
                27,
                26,
                48,
                33,
                34,
                37,
                20
            ],
            "property": "Waypoint([src: 41, dst: XXX], 5)",
            "time-explore": 0.5476982593536377,
            "finished": {
                "precision": 9.957921335002068e-05,
                "p_property": 0,
                "num_explored": 165
            }
        },
        {
            "rrs": [
                1,
                8
            ],
            "brs": [
                29,
                27,
                36,
                45,
                11,
                51,
                0,
                42,
                53,
                3
            ],
            "property": "Waypoint([src: 54, dst: XXX], 40)",
            "time-explore": 0.5889256000518799,
            "finished": {
                "precision": 9.971203890346552e-05,
                "p_property": 0.998906313456201,
                "num_explored": 173
            }
        },
        {
            "rrs": [
                8,
                6
            ],
            "brs": [
                11,
                45,
                23,
                25,
                16,
                52,
                51,
                20,
                3,
                15
            ],
            "property": "Waypoint([src: 21, dst: XXX], 53)",
            "time-explore": 0.7258071899414062,
            "finished": {
                "precision": 9.992742076125882e-05,
                "p_property": 0,
                "num_explored": 212
            }
        },
        {
            "rrs": [
                4,
                29
            ],
            "brs": [
                27,
                45,
                34,
                41,
                22,
                47,
                37,
                50,
                25,
                3
            ],
            "property": "Waypoint([src: 33, dst: XXX], 11)",
            "time-explore": 0.845897912979126,
            "finished": {
                "precision": 9.94199539647856e-05,
                "p_property": 0,
                "num_explored": 238
            }
        },
        {
            "rrs": [
                7,
                49
            ],
            "brs": [
                31,
                47,
                54,
                13,
                35,
                15,
                3,
                41,
                37,
                26
            ],
            "property": "Waypoint([src: 40, dst: XXX], 29)",
            "time-explore": 0.8144509792327881,
            "finished": {
                "precision": 9.911719611976906e-05,
                "p_property": 9.772512378214464e-07,
                "num_explored": 233
            }
        },
        {
            "rrs": [
                4,
                8
            ],
            "brs": [
                30,
                35,
                45,
                53,
                50,
                48,
                39,
                19,
                13,
                34
            ],
            "property": "Waypoint([src: 6, dst: XXX], 42)",
            "time-explore": 0.352367639541626,
            "finished": {
                "precision": 9.934637062236635e-05,
                "p_property": 0,
                "num_explored": 103
            }
        },
        {
            "rrs": [
                7,
                12
            ],
            "brs": [
                23,
                19,
                47,
                44,
                15,
                2,
                11,
                13,
                41,
                24
            ],
            "property": "Waypoint([src: 4, dst: XXX], 28)",
            "time-explore": 1.0294601917266846,
            "finished": {
                "precision": 9.981942493231259e-05,
                "p_property": 0,
                "num_explored": 285
            }
        },
        {
            "rrs": [
                1,
                9
            ],
            "brs": [
                52,
                48,
                11,
                26,
                15,
                14,
                41,
                50,
                40,
                7
            ],
            "property": "Waypoint([src: 37, dst: XXX], 30)",
            "time-explore": 1.0124099254608154,
            "finished": {
                "precision": 9.962449491973674e-05,
                "p_property": 0,
                "num_explored": 287
            }
        }
    ]
}