{
    "topology": {
        "name": "Chinanet",
        "nof_nodes": 42,
        "nof_links": 66
    },
    "scenarios": [
        {
            "rrs": [
                38,
                41
            ],
            "brs": [
                23,
                19,
                14,
                15,
                29,
                16,
                24,
                5,
                31,
                26
            ],
            "property": "Waypoint([src: 9, dst: XXX], 21)",
            "time-explore": 0.6141266822814941,
            "finished": {
                "precision": 9.989534443188841e-05,
                "p_property": 0,
                "num_explored": 198
            }
        },
        {
            "rrs": [
                27,
                1
            ],
            "brs": [
                22,
                23,
                21,
                24,
                9,
                33,
                7,
                12,
                29,
                16
            ],
            "property": "Waypoint([src: 36, dst: XXX], 35)",
            "time-explore": 0.8222849369049072,
            "finished": {
                "precision": 9.909759117132659e-05,
                "p_property": 0,
                "num_explored": 266
            }
        },
        {
            "rrs": [
                0,
                34
            ],
            "brs": [
                15,
                41,
                37,
                26,
                14,
                24,
                21,
                31,
                9,
                23
            ],
            "property": "Waypoint([src: 11, dst: XXX], 13)",
            "time-explore": 0.5607976913452148,
            "finished": {
                "precision": 9.971719145052122e-05,
                "p_property": 0,
                "num_explored": 188
            }
        },
        {
            "rrs": [
                40,
                39
            ],
            "brs": [
                15,
                14,
                9,
                32,
                29,
                2,
                23,
                3,
                24,
                12
            ],
            "property": "Waypoint([src: 41, dst: XXX], 30)",
            "time-explore": 0.6088745594024658,
            "finished": {
                "precision": 9.994181520445171e-05,
                "p_property": 0,
                "num_explored": 189
            }
        },
        {
            "rrs": [
                7,
                39
            ],
            "brs": [
                12,
                31,
                15,
                13,
                21,
                23,
                37,
                11,
                18,
                16
            ],
            "property": "Waypoint([src: 4, dst: XXX], 25)",
            "time-explore": 0.21521568298339844,
            "finished": {
                "precision": 9.909889460124613e-05,
                "p_property": 0,
                "num_explored": 77
            }
        },
        {
            "rrs": [
                34,
                36
            ],
            "brs": [
                11,
                17,
                12,
                26,
                40,
                10,
                0,
                28,
                9,
                24
            ],
            "property": "Waypoint([src: 21, dst: XXX], 6)",
            "time-explore": 0.11507701873779297,
            "finished": {
                "precision": 9.902816232354443e-05,
                "p_property": 0,
                "num_explored": 46
            }
        },
        {
            "rrs": [
                39,
                36
            ],
            "brs": [
                14,
                24,
                17,
                5,
                9,
                20,
                16,
                31,
                3,
                12
            ],
            "property": "Waypoint([src: 7, dst: XXX], 35)",
            "time-explore": 0.18089604377746582,
            "finished": {
                "precision": 9.911895127823195e-05,
                "p_property": 0,
                "num_explored": 68
            }
        },
        {
            "rrs": [
                38,
                41
            ],
            "brs": [
                9,
                14,
                21,
                23,
                31,
                29,
                17,
                4,
                13,
                24
            ],
            "property": "Waypoint([src: 32, dst: XXX], 39)",
            "time-explore": 0.6175014972686768,
            "finished": {
                "precision": 9.997726258914603e-05,
                "p_property": 0.9969233749757738,
                "num_explored": 197
            }
        },
        {
            "rrs": [
                7,
                19
            ],
            "brs": [
                29,
                9,
                17,
                20,
                15,
                30,
                40,
                24,
                5,
                23
            ],
            "property": "Waypoint([src: 4, dst: XXX], 14)",
            "time-explore": 0.23454713821411133,
            "finished": {
                "precision": 9.912868185180111e-05,
                "p_property": 0,
                "num_explored": 87
            }
        },
        {
            "rrs": [
                39,
                28
            ],
            "brs": [
                29,
                6,
                8,
                23,
                21,
                13,
                9,
                16,
                31,
                34
            ],
            "property": "Waypoint([src: 22, dst: XXX], 26)",
            "time-explore": 0.5694875717163086,
            "finished": {
                "precision": 9.988365262947327e-05,
                "p_property": 0,
                "num_explored": 183
            }
        }
    ]
}