{
    "topology": {
        "name": "Intellifiber",
        "nof_nodes": 73,
        "nof_links": 97
    },
    "scenarios": [
        {
            "rrs": [
                70,
                30
            ],
            "brs": [
                8,
                38,
                45,
                71,
                44,
                64,
                32,
                2,
                47,
                56
            ],
            "property": "Waypoint([src: 29, dst: XXX], 63)",
            "time-explore": 8.551167488098145,
            "finished": {
                "precision": 9.943485860841598e-05,
                "p_property": 0,
                "num_explored": 1422
            }
        },
        {
            "rrs": [
                54,
                22
            ],
            "brs": [
                31,
                24,
                43,
                49,
                12,
                27,
                36,
                60,
                32,
                45
            ],
            "property": "Waypoint([src: 61, dst: XXX], 10)",
            "time-explore": 3.1335368156433105,
            "finished": {
                "precision": 9.98781125640669e-05,
                "p_property": 0,
                "num_explored": 611
            }
        },
        {
            "rrs": [
                41,
                10
            ],
            "brs": [
                29,
                64,
                57,
                8,
                21,
                58,
                31,
                40,
                59,
                49
            ],
            "property": "Waypoint([src: 47, dst: XXX], 28)",
            "time-explore": 8.615459203720093,
            "finished": {
                "precision": 9.933052914290466e-05,
                "p_property": 0,
                "num_explored": 1410
            }
        },
        {
            "rrs": [
                14,
                24
            ],
            "brs": [
                8,
                29,
                12,
                39,
                23,
                31,
                28,
                34,
                22,
                67
            ],
            "property": "Waypoint([src: 21, dst: XXX], 54)",
            "time-explore": 4.791753053665161,
            "finished": {
                "precision": 9.919802633373552e-05,
                "p_property": 0,
                "num_explored": 858
            }
        },
        {
            "rrs": [
                10,
                15
            ],
            "brs": [
                57,
                20,
                28,
                30,
                65,
                8,
                2,
                12,
                35,
                54
            ],
            "property": "Waypoint([src: 63, dst: XXX], 21)",
            "time-explore": 7.495999097824097,
            "finished": {
                "precision": 9.965678487655609e-05,
                "p_property": 0,
                "num_explored": 1222
            }
        },
        {
            "rrs": [
                15,
                72
            ],
            "brs": [
                28,
                40,
                56,
                39,
                58,
                69,
                65,
                34,
                37,
                29
            ],
            "property": "Waypoint([src: 16, dst: XXX], 18)",
            "time-explore": 8.25144076347351,
            "finished": {
                "precision": 9.984737972756902e-05,
                "p_property": 0,
                "num_explored": 1356
            }
        },
        {
            "rrs": [
                11,
                47
            ],
            "brs": [
                28,
                64,
                23,
                50,
                30,
                13,
                8,
                54,
                25,
                37
            ],
            "property": "Waypoint([src: 39, dst: XXX], 49)",
            "time-explore": 10.271948337554932,
            "finished": {
                "precision": 9.937187961805977e-05,
                "p_property": 0,
                "num_explored": 1655
            }
        },
        {
            "rrs": [
                7,
                9
            ],
            "brs": [
                30,
                61,
                47,
                67,
                60,
                28,
                27,
                59,
                43,
                68
            ],
            "property": "Waypoint([src: 26, dst: XXX], 65)",
            "time-explore": 3.0762152671813965,
            "finished": {
                "precision": 9.923757550878154e-05,
                "p_property": 0,
                "num_explored": 610
            }
        },
        {
            "rrs": [
                7,
                35
            ],
            "brs": [
                20,
                68,
                26,
                38,
                17,
                49,
                30,
                48,
                63,
                61
            ],
            "property": "Waypoint([src: 55, dst: XXX], 37)",
            "time-explore": 4.631611585617065,
            "finished": {
                "precision": 9.919865921448332e-05,
                "p_property": 0,
                "num_explored": 872
            }
        },
        {
            "rrs": [
                46,
                48
            ],
            "brs": [
                8,
                49,
                61,
                29,
                50,
                28,
                36,
                58,
                23,
                2
            ],
            "property": "Waypoint([src: 51, dst: XXX], 32)",
            "time-explore": 2.2097113132476807,
            "finished": {
                "precision": 9.996875377393804e-05,
                "p_property": 0,
                "num_explored": 459
            }
        }
    ]
}