{
    "topology": {
        "name": "Garr201012",
        "nof_nodes": 56,
        "nof_links": 75
    },
    "scenarios": [
        {
            "rrs": [
                19,
                39
            ],
            "brs": [
                27,
                25,
                34,
                53,
                46,
                22,
                49,
                11,
                41,
                23
            ],
            "property": "Waypoint([src: 32, dst: XXX], 26)",
            "time-explore": 0.9254341125488281,
            "finished": {
                "precision": 9.925310905956046e-05,
                "p_property": 0,
                "num_explored": 256
            }
        },
        {
            "rrs": [
                50,
                25
            ],
            "brs": [
                9,
                10,
                47,
                27,
                45,
                13,
                11,
                33,
                51,
                49
            ],
            "property": "Waypoint([src: 3, dst: XXX], 38)",
            "time-explore": 1.5646984577178955,
            "finished": {
                "precision": 9.998086556395339e-05,
                "p_property": 0,
                "num_explored": 401
            }
        },
        {
            "rrs": [
                7,
                24
            ],
            "brs": [
                42,
                53,
                49,
                46,
                35,
                20,
                44,
                28,
                52,
                51
            ],
            "property": "Waypoint([src: 29, dst: XXX], 33)",
            "time-explore": 0.869225025177002,
            "finished": {
                "precision": 9.935123779458717e-05,
                "p_property": 0,
                "num_explored": 237
            }
        },
        {
            "rrs": [
                7,
                39
            ],
            "brs": [
                0,
                44,
                22,
                48,
                32,
                26,
                1,
                34,
                53,
                49
            ],
            "property": "Waypoint([src: 27, dst: XXX], 3)",
            "time-explore": 0.8526062965393066,
            "finished": {
                "precision": 9.912673194667479e-05,
                "p_property": 0,
                "num_explored": 237
            }
        },
        {
            "rrs": [
                1,
                6
            ],
            "brs": [
                25,
                43,
                32,
                11,
                49,
                20,
                0,
                35,
                46,
                10
            ],
            "property": "Waypoint([src: 26, dst: XXX], 33)",
            "time-explore": 1.0538454055786133,
            "finished": {
                "precision": 9.951159071930335e-05,
                "p_property": 0,
                "num_explored": 296
            }
        },
        {
            "rrs": [
                16,
                4
            ],
            "brs": [
                11,
                17,
                3,
                33,
                20,
                26,
                14,
                43,
                49,
                53
            ],
            "property": "Waypoint([src: 32, dst: XXX], 39)",
            "time-explore": 0.8677787780761719,
            "finished": {
                "precision": 9.93748145272644e-05,
                "p_property": 0,
                "num_explored": 237
            }
        },
        {
            "rrs": [
                3,
                7
            ],
            "brs": [
                47,
                43,
                11,
                17,
                42,
                23,
                32,
                31,
                15,
                5
            ],
            "property": "Waypoint([src: 46, dst: XXX], 49)",
            "time-explore": 1.0765540599822998,
            "finished": {
                "precision": 9.987125164723225e-05,
                "p_property": 0,
                "num_explored": 280
            }
        },
        {
            "rrs": [
                29,
                12
            ],
            "brs": [
                2,
                27,
                49,
                22,
                47,
                15,
                42,
                53,
                13,
                0
            ],
            "property": "Waypoint([src: 39, dst: XXX], 9)",
            "time-explore": 0.4233391284942627,
            "finished": {
                "precision": 9.968193350839977e-05,
                "p_property": 0,
                "num_explored": 120
            }
        },
        {
            "rrs": [
                50,
                54
            ],
            "brs": [
                23,
                2,
                22,
                49,
                42,
                43,
                25,
                39,
                31,
                16
            ],
            "property": "Waypoint([src: 40, dst: XXX], 46)",
            "time-explore": 1.047490119934082,
            "finished": {
                "precision": 9.933908277226516e-05,
                "p_property": 0,
                "num_explored": 292
            }
        },
        {
            "rrs": [
                44,
                25
            ],
            "brs": [
                32,
                10,
                28,
                23,
                31,
                18,
                0,
                43,
                26,
                53
            ],
            "property": "Waypoint([src: 11, dst: XXX], 29)",
            "time-explore": 0.770054817199707,
            "finished": {
                "precision": 9.903124630050712e-05,
                "p_property": 9.743224148844436e-07,
                "num_explored": 224
            }
        }
    ]
}