{
    "topology": {
        "name": "Garr201111",
        "nof_nodes": 60,
        "nof_links": 87
    },
    "scenarios": [
        {
            "rrs": [
                16,
                40
            ],
            "brs": [
                23,
                1,
                8,
                29,
                41,
                34,
                9,
                25,
                46,
                24
            ],
            "property": "Waypoint([src: 42, dst: XXX], 26)",
            "time-explore": 1.1246483325958252,
            "finished": {
                "precision": 9.970323546004688e-05,
                "p_property": 0,
                "num_explored": 302
            }
        },
        {
            "rrs": [
                33,
                43
            ],
            "brs": [
                12,
                39,
                16,
                15,
                31,
                0,
                30,
                46,
                52,
                32
            ],
            "property": "Waypoint([src: 38, dst: XXX], 3)",
            "time-explore": 1.284041404724121,
            "finished": {
                "precision": 9.92588582283683e-05,
                "p_property": 0,
                "num_explored": 324
            }
        },
        {
            "rrs": [
                4,
                28
            ],
            "brs": [
                32,
                30,
                49,
                16,
                44,
                51,
                8,
                40,
                12,
                50
            ],
            "property": "Waypoint([src: 41, dst: XXX], 31)",
            "time-explore": 1.5692150592803955,
            "finished": {
                "precision": 9.950010887938011e-05,
                "p_property": 0,
                "num_explored": 390
            }
        },
        {
            "rrs": [
                6,
                18
            ],
            "brs": [
                30,
                48,
                4,
                32,
                2,
                59,
                47,
                46,
                52,
                21
            ],
            "property": "Waypoint([src: 5, dst: XXX], 31)",
            "time-explore": 0.8736464977264404,
            "finished": {
                "precision": 9.993417057918571e-05,
                "p_property": 0,
                "num_explored": 235
            }
        },
        {
            "rrs": [
                54,
                11
            ],
            "brs": [
                31,
                29,
                30,
                8,
                20,
                25,
                22,
                47,
                34,
                13
            ],
            "property": "Waypoint([src: 51, dst: XXX], 37)",
            "time-explore": 0.44705748558044434,
            "finished": {
                "precision": 9.941662112100684e-05,
                "p_property": 0,
                "num_explored": 132
            }
        },
        {
            "rrs": [
                54,
                24
            ],
            "brs": [
                22,
                55,
                57,
                3,
                35,
                45,
                0,
                5,
                53,
                37
            ],
            "property": "Waypoint([src: 4, dst: XXX], 44)",
            "time-explore": 0.5762431621551514,
            "finished": {
                "precision": 9.96091831335643e-05,
                "p_property": 0,
                "num_explored": 158
            }
        },
        {
            "rrs": [
                27,
                50
            ],
            "brs": [
                43,
                34,
                3,
                49,
                39,
                22,
                37,
                55,
                1,
                45
            ],
            "property": "Waypoint([src: 54, dst: XXX], 6)",
            "time-explore": 0.5927200317382812,
            "finished": {
                "precision": 9.963190077133537e-05,
                "p_property": 0,
                "num_explored": 167
            }
        },
        {
            "rrs": [
                54,
                28
            ],
            "brs": [
                20,
                37,
                32,
                46,
                17,
                41,
                15,
                8,
                31,
                16
            ],
            "property": "Waypoint([src: 19, dst: XXX], 49)",
            "time-explore": 0.6219663619995117,
            "finished": {
                "precision": 9.95788033596456e-05,
                "p_property": 0,
                "num_explored": 166
            }
        },
        {
            "rrs": [
                5,
                10
            ],
            "brs": [
                0,
                7,
                3,
                2,
                59,
                22,
                41,
                39,
                8,
                12
            ],
            "property": "Waypoint([src: 56, dst: XXX], 57)",
            "time-explore": 0.8513541221618652,
            "finished": {
                "precision": 9.993038145950098e-05,
                "p_property": 0,
                "num_explored": 236
            }
        },
        {
            "rrs": [
                17,
                27
            ],
            "brs": [
                59,
                53,
                38,
                56,
                42,
                44,
                46,
                34,
                22,
                19
            ],
            "property": "Waypoint([src: 29, dst: XXX], 24)",
            "time-explore": 1.565690040588379,
            "finished": {
                "precision": 9.981998085528683e-05,
                "p_property": 0,
                "num_explored": 393
            }
        }
    ]
}