{
    "topology": {
        "name": "Forthnet",
        "nof_nodes": 62,
        "nof_links": 62
    },
    "scenarios": [
        {
            "rrs": [
                15,
                43
            ],
            "brs": [
                12,
                36,
                22,
                30,
                53,
                24,
                39,
                59,
                18,
                42
            ],
            "property": "Waypoint([src: 21, dst: XXX], 1)",
            "time-explore": 0.17028164863586426,
            "finished": {
                "precision": 9.996247239929528e-05,
                "p_property": 0,
                "num_explored": 57
            }
        },
        {
            "rrs": [
                34,
                56
            ],
            "brs": [
                60,
                33,
                14,
                0,
                38,
                2,
                12,
                48,
                21,
                36
            ],
            "property": "Waypoint([src: 15, dst: XXX], 17)",
            "time-explore": 0.32266879081726074,
            "finished": {
                "precision": 9.917417420723942e-05,
                "p_property": 0,
                "num_explored": 113
            }
        },
        {
            "rrs": [
                58,
                16
            ],
            "brs": [
                50,
                38,
                53,
                14,
                2,
                37,
                21,
                44,
                31,
                28
            ],
            "property": "Waypoint([src: 18, dst: XXX], 27)",
            "time-explore": 0.3936951160430908,
            "finished": {
                "precision": 9.927557139166607e-05,
                "p_property": 9.831353223738223e-07,
                "num_explored": 135
            }
        },
        {
            "rrs": [
                34,
                47
            ],
            "brs": [
                29,
                18,
                21,
                58,
                13,
                30,
                12,
                20,
                8,
                3
            ],
            "property": "Waypoint([src: 60, dst: XXX], 45)",
            "time-explore": 0.24675750732421875,
            "finished": {
                "precision": 9.919308128236713e-05,
                "p_property": 0,
                "num_explored": 85
            }
        },
        {
            "rrs": [
                10,
                32
            ],
            "brs": [
                20,
                18,
                37,
                13,
                6,
                33,
                42,
                22,
                14,
                21
            ],
            "property": "Waypoint([src: 48, dst: XXX], 47)",
            "time-explore": 0.05024981498718262,
            "finished": {
                "precision": 9.905262916032338e-05,
                "p_property": 0,
                "num_explored": 17
            }
        },
        {
            "rrs": [
                55,
                37
            ],
            "brs": [
                28,
                3,
                31,
                56,
                12,
                18,
                29,
                36,
                8,
                49
            ],
            "property": "Waypoint([src: 24, dst: XXX], 48)",
            "time-explore": 0.16908001899719238,
            "finished": {
                "precision": 9.906276966820112e-05,
                "p_property": 0,
                "num_explored": 58
            }
        },
        {
            "rrs": [
                41,
                16
            ],
            "brs": [
                22,
                42,
                3,
                1,
                52,
                60,
                56,
                30,
                61,
                57
            ],
            "property": "Waypoint([src: 8, dst: XXX], 20)",
            "time-explore": 0.10979795455932617,
            "finished": {
                "precision": 9.90795578500458e-05,
                "p_property": 0,
                "num_explored": 38
            }
        },
        {
            "rrs": [
                34,
                44
            ],
            "brs": [
                0,
                39,
                27,
                3,
                2,
                19,
                36,
                8,
                53,
                22
            ],
            "property": "Waypoint([src: 30, dst: XXX], 11)",
            "time-explore": 0.2754018306732178,
            "finished": {
                "precision": 9.904362250667816e-05,
                "p_property": 0,
                "num_explored": 96
            }
        },
        {
            "rrs": [
                42,
                60
            ],
            "brs": [
                52,
                23,
                54,
                59,
                19,
                8,
                50,
                57,
                53,
                48
            ],
            "property": "Waypoint([src: 0, dst: XXX], 26)",
            "time-explore": 0.20730376243591309,
            "finished": {
                "precision": 9.919615996711867e-05,
                "p_property": 0,
                "num_explored": 69
            }
        },
        {
            "rrs": [
                3,
                42
            ],
            "brs": [
                21,
                54,
                14,
                8,
                41,
                29,
                22,
                28,
                50,
                2
            ],
            "property": "Waypoint([src: 45, dst: XXX], 36)",
            "time-explore": 0.1572105884552002,
            "finished": {
                "precision": 9.904497257395831e-05,
                "p_property": 0,
                "num_explored": 57
            }
        }
    ]
}