{
    "topology": {
        "name": "Cudi",
        "nof_nodes": 51,
        "nof_links": 52
    },
    "scenarios": [
        {
            "rrs": [
                45,
                41
            ],
            "brs": [
                12,
                38,
                42,
                26,
                29,
                13,
                33,
                49,
                18,
                9
            ],
            "property": "Waypoint([src: 20, dst: XXX], 24)",
            "time-explore": 0.4401698112487793,
            "finished": {
                "precision": 9.93874623197444e-05,
                "p_property": 0,
                "num_explored": 158
            }
        },
        {
            "rrs": [
                10,
                33
            ],
            "brs": [
                24,
                42,
                19,
                8,
                50,
                25,
                49,
                48,
                14,
                20
            ],
            "property": "Waypoint([src: 12, dst: XXX], 5)",
            "time-explore": 0.43821263313293457,
            "finished": {
                "precision": 9.938357670580268e-05,
                "p_property": 0.001984886401480198,
                "num_explored": 149
            }
        },
        {
            "rrs": [
                45,
                43
            ],
            "brs": [
                20,
                33,
                36,
                47,
                39,
                24,
                30,
                1,
                35,
                29
            ],
            "property": "Waypoint([src: 48, dst: XXX], 31)",
            "time-explore": 0.2223808765411377,
            "finished": {
                "precision": 9.917522008107137e-05,
                "p_property": 0.9969326582852228,
                "num_explored": 79
            }
        },
        {
            "rrs": [
                43,
                48
            ],
            "brs": [
                23,
                37,
                26,
                12,
                17,
                14,
                16,
                19,
                36,
                29
            ],
            "property": "Waypoint([src: 6, dst: XXX], 40)",
            "time-explore": 0.15348196029663086,
            "finished": {
                "precision": 9.916262693332464e-05,
                "p_property": 0,
                "num_explored": 58
            }
        },
        {
            "rrs": [
                43,
                28
            ],
            "brs": [
                49,
                23,
                33,
                38,
                41,
                24,
                48,
                22,
                35,
                14
            ],
            "property": "Waypoint([src: 8, dst: XXX], 45)",
            "time-explore": 0.26499509811401367,
            "finished": {
                "precision": 9.916279544641689e-05,
                "p_property": 0.997914750598232,
                "num_explored": 96
            }
        },
        {
            "rrs": [
                0,
                43
            ],
            "brs": [
                30,
                2,
                15,
                16,
                33,
                27,
                32,
                39,
                19,
                25
            ],
            "property": "Waypoint([src: 48, dst: XXX], 3)",
            "time-explore": 0.17475485801696777,
            "finished": {
                "precision": 9.905692698763953e-05,
                "p_property": 0,
                "num_explored": 71
            }
        },
        {
            "rrs": [
                4,
                45
            ],
            "brs": [
                11,
                24,
                12,
                49,
                5,
                25,
                15,
                26,
                6,
                30
            ],
            "property": "Waypoint([src: 48, dst: XXX], 38)",
            "time-explore": 0.3087303638458252,
            "finished": {
                "precision": 9.91886620488325e-05,
                "p_property": 0,
                "num_explored": 115
            }
        },
        {
            "rrs": [
                35,
                1
            ],
            "brs": [
                31,
                16,
                27,
                18,
                37,
                12,
                22,
                11,
                13,
                9
            ],
            "property": "Waypoint([src: 50, dst: XXX], 2)",
            "time-explore": 0.25754666328430176,
            "finished": {
                "precision": 9.923532690780952e-05,
                "p_property": 0.0009880195995527717,
                "num_explored": 92
            }
        },
        {
            "rrs": [
                43,
                47
            ],
            "brs": [
                16,
                35,
                23,
                13,
                8,
                41,
                40,
                49,
                9,
                38
            ],
            "property": "Waypoint([src: 46, dst: XXX], 32)",
            "time-explore": 0.37120771408081055,
            "finished": {
                "precision": 9.936209682126501e-05,
                "p_property": 0,
                "num_explored": 130
            }
        },
        {
            "rrs": [
                10,
                0
            ],
            "brs": [
                6,
                5,
                29,
                18,
                46,
                49,
                19,
                38,
                50,
                12
            ],
            "property": "Waypoint([src: 31, dst: XXX], 2)",
            "time-explore": 0.15197968482971191,
            "finished": {
                "precision": 9.916855140246203e-05,
                "p_property": 0,
                "num_explored": 57
            }
        }
    ]
}