{
    "topology": {
        "name": "Garr201008",
        "nof_nodes": 55,
        "nof_links": 74
    },
    "scenarios": [
        {
            "rrs": [
                7,
                8
            ],
            "brs": [
                43,
                31,
                36,
                18,
                26,
                40,
                48,
                2,
                53,
                16
            ],
            "property": "Waypoint([src: 12, dst: XXX], 44)",
            "time-explore": 0.498213529586792,
            "finished": {
                "precision": 9.938984946877846e-05,
                "p_property": 0,
                "num_explored": 147
            }
        },
        {
            "rrs": [
                16,
                23
            ],
            "brs": [
                48,
                54,
                0,
                45,
                13,
                37,
                20,
                30,
                10,
                22
            ],
            "property": "Waypoint([src: 1, dst: XXX], 29)",
            "time-explore": 0.9099936485290527,
            "finished": {
                "precision": 9.919918661149828e-05,
                "p_property": 0,
                "num_explored": 266
            }
        },
        {
            "rrs": [
                53,
                1
            ],
            "brs": [
                52,
                11,
                31,
                25,
                0,
                10,
                38,
                47,
                33,
                41
            ],
            "property": "Waypoint([src: 39, dst: XXX], 35)",
            "time-explore": 1.2750287055969238,
            "finished": {
                "precision": 9.917561549754868e-05,
                "p_property": 0,
                "num_explored": 347
            }
        },
        {
            "rrs": [
                1,
                37
            ],
            "brs": [
                41,
                0,
                15,
                23,
                31,
                25,
                26,
                42,
                47,
                46
            ],
            "property": "Waypoint([src: 38, dst: XXX], 35)",
            "time-explore": 0.69171142578125,
            "finished": {
                "precision": 9.99675321544657e-05,
                "p_property": 0,
                "num_explored": 202
            }
        },
        {
            "rrs": [
                6,
                19
            ],
            "brs": [
                44,
                28,
                41,
                10,
                53,
                0,
                13,
                21,
                27,
                11
            ],
            "property": "Waypoint([src: 45, dst: XXX], 2)",
            "time-explore": 1.3704495429992676,
            "finished": {
                "precision": 9.921995907580243e-05,
                "p_property": 0,
                "num_explored": 380
            }
        },
        {
            "rrs": [
                7,
                38
            ],
            "brs": [
                41,
                34,
                0,
                52,
                33,
                45,
                2,
                6,
                32,
                44
            ],
            "property": "Waypoint([src: 51, dst: XXX], 18)",
            "time-explore": 0.49452757835388184,
            "finished": {
                "precision": 9.952310937011429e-05,
                "p_property": 0,
                "num_explored": 144
            }
        },
        {
            "rrs": [
                39,
                16
            ],
            "brs": [
                17,
                0,
                36,
                10,
                35,
                3,
                14,
                31,
                32,
                13
            ],
            "property": "Waypoint([src: 18, dst: XXX], 9)",
            "time-explore": 0.6546120643615723,
            "finished": {
                "precision": 9.968802484106033e-05,
                "p_property": 0,
                "num_explored": 194
            }
        },
        {
            "rrs": [
                8,
                4
            ],
            "brs": [
                26,
                21,
                3,
                44,
                45,
                54,
                18,
                47,
                52,
                0
            ],
            "property": "Waypoint([src: 13, dst: XXX], 36)",
            "time-explore": 0.6969282627105713,
            "finished": {
                "precision": 9.988243690683966e-05,
                "p_property": 0,
                "num_explored": 205
            }
        },
        {
            "rrs": [
                45,
                49
            ],
            "brs": [
                5,
                21,
                30,
                18,
                27,
                37,
                48,
                35,
                46,
                2
            ],
            "property": "Waypoint([src: 50, dst: XXX], 17)",
            "time-explore": 0.7017025947570801,
            "finished": {
                "precision": 9.995552749997304e-05,
                "p_property": 0,
                "num_explored": 201
            }
        },
        {
            "rrs": [
                19,
                39
            ],
            "brs": [
                50,
                10,
                11,
                41,
                47,
                33,
                2,
                54,
                26,
                42
            ],
            "property": "Waypoint([src: 43, dst: XXX], 34)",
            "time-explore": 0.9836792945861816,
            "finished": {
                "precision": 9.93869243450795e-05,
                "p_property": 0,
                "num_explored": 279
            }
        }
    ]
}