{
    "topology": {
        "name": "Uninett2011",
        "nof_nodes": 69,
        "nof_links": 98
    },
    "scenarios": [
        {
            "rrs": [
                1,
                58
            ],
            "brs": [
                38,
                19,
                49,
                7,
                11,
                55,
                4,
                47,
                67,
                60
            ],
            "property": "Waypoint([src: 41, dst: XXX], 43)",
            "time-explore": 2.278278350830078,
            "finished": {
                "precision": 9.920929124962445e-05,
                "p_property": 0,
                "num_explored": 482
            }
        },
        {
            "rrs": [
                10,
                32
            ],
            "brs": [
                65,
                53,
                11,
                59,
                6,
                14,
                68,
                46,
                66,
                49
            ],
            "property": "Waypoint([src: 30, dst: XXX], 12)",
            "time-explore": 3.853215456008911,
            "finished": {
                "precision": 9.906441062967904e-05,
                "p_property": 0.0009991098919055715,
                "num_explored": 754
            }
        },
        {
            "rrs": [
                46,
                56
            ],
            "brs": [
                30,
                68,
                11,
                47,
                18,
                67,
                49,
                54,
                59,
                14
            ],
            "property": "Waypoint([src: 52, dst: XXX], 3)",
            "time-explore": 1.714186429977417,
            "finished": {
                "precision": 9.920163641163876e-05,
                "p_property": 0,
                "num_explored": 363
            }
        },
        {
            "rrs": [
                6,
                30
            ],
            "brs": [
                31,
                19,
                66,
                34,
                9,
                59,
                38,
                2,
                26,
                18
            ],
            "property": "Waypoint([src: 57, dst: XXX], 65)",
            "time-explore": 4.76627516746521,
            "finished": {
                "precision": 9.942278094565719e-05,
                "p_property": 0,
                "num_explored": 881
            }
        },
        {
            "rrs": [
                27,
                37
            ],
            "brs": [
                17,
                14,
                4,
                49,
                59,
                34,
                41,
                11,
                55,
                67
            ],
            "property": "Waypoint([src: 65, dst: XXX], 42)",
            "time-explore": 3.3451366424560547,
            "finished": {
                "precision": 9.972718136685982e-05,
                "p_property": 0,
                "num_explored": 651
            }
        },
        {
            "rrs": [
                61,
                23
            ],
            "brs": [
                58,
                2,
                31,
                20,
                60,
                66,
                57,
                4,
                38,
                6
            ],
            "property": "Waypoint([src: 30, dst: XXX], 0)",
            "time-explore": 4.053426265716553,
            "finished": {
                "precision": 9.98037141727304e-05,
                "p_property": 0,
                "num_explored": 789
            }
        },
        {
            "rrs": [
                42,
                12
            ],
            "brs": [
                53,
                38,
                40,
                51,
                66,
                57,
                49,
                55,
                25,
                19
            ],
            "property": "Waypoint([src: 44, dst: XXX], 32)",
            "time-explore": 3.306523561477661,
            "finished": {
                "precision": 9.940927061824486e-05,
                "p_property": 0,
                "num_explored": 640
            }
        },
        {
            "rrs": [
                28,
                2
            ],
            "brs": [
                23,
                51,
                38,
                68,
                60,
                46,
                53,
                11,
                4,
                44
            ],
            "property": "Waypoint([src: 67, dst: XXX], 24)",
            "time-explore": 3.207947015762329,
            "finished": {
                "precision": 9.926387738756764e-05,
                "p_property": 0,
                "num_explored": 631
            }
        },
        {
            "rrs": [
                51,
                3
            ],
            "brs": [
                5,
                54,
                53,
                25,
                17,
                14,
                65,
                18,
                62,
                55
            ],
            "property": "Waypoint([src: 39, dst: XXX], 44)",
            "time-explore": 2.423802137374878,
            "finished": {
                "precision": 9.971564880995044e-05,
                "p_property": 0,
                "num_explored": 498
            }
        },
        {
            "rrs": [
                57,
                24
            ],
            "brs": [
                10,
                45,
                30,
                65,
                2,
                53,
                50,
                19,
                59,
                38
            ],
            "property": "Waypoint([src: 66, dst: XXX], 64)",
            "time-explore": 4.903620004653931,
            "finished": {
                "precision": 9.945369564912099e-05,
                "p_property": 0.0009991185819455256,
                "num_explored": 927
            }
        }
    ]
}