{
    "topology": {
        "name": "Garr201201",
        "nof_nodes": 61,
        "nof_links": 89
    },
    "scenarios": [
        {
            "rrs": [
                44,
                27
            ],
            "brs": [
                8,
                57,
                12,
                54,
                47,
                38,
                20,
                9,
                7,
                26
            ],
            "property": "Waypoint([src: 32, dst: XXX], 59)",
            "time-explore": 0.9953653812408447,
            "finished": {
                "precision": 9.951761934834388e-05,
                "p_property": 0,
                "num_explored": 265
            }
        },
        {
            "rrs": [
                55,
                10
            ],
            "brs": [
                17,
                29,
                8,
                33,
                20,
                50,
                4,
                48,
                42,
                3
            ],
            "property": "Waypoint([src: 52, dst: XXX], 38)",
            "time-explore": 0.9690027236938477,
            "finished": {
                "precision": 9.941428342286065e-05,
                "p_property": 0,
                "num_explored": 255
            }
        },
        {
            "rrs": [
                55,
                5
            ],
            "brs": [
                38,
                13,
                43,
                33,
                27,
                54,
                19,
                57,
                48,
                20
            ],
            "property": "Waypoint([src: 29, dst: XXX], 22)",
            "time-explore": 0.795738697052002,
            "finished": {
                "precision": 9.902249423976435e-05,
                "p_property": 0,
                "num_explored": 211
            }
        },
        {
            "rrs": [
                4,
                51
            ],
            "brs": [
                11,
                9,
                7,
                8,
                31,
                3,
                57,
                32,
                45,
                23
            ],
            "property": "Waypoint([src: 14, dst: XXX], 27)",
            "time-explore": 1.2561776638031006,
            "finished": {
                "precision": 9.992472827780036e-05,
                "p_property": 0,
                "num_explored": 326
            }
        },
        {
            "rrs": [
                5,
                46
            ],
            "brs": [
                60,
                30,
                54,
                33,
                21,
                26,
                50,
                17,
                43,
                22
            ],
            "property": "Waypoint([src: 51, dst: XXX], 10)",
            "time-explore": 1.1862711906433105,
            "finished": {
                "precision": 9.984317490063793e-05,
                "p_property": 0.0019865830855623134,
                "num_explored": 311
            }
        },
        {
            "rrs": [
                11,
                7
            ],
            "brs": [
                26,
                47,
                20,
                12,
                53,
                33,
                39,
                34,
                35,
                32
            ],
            "property": "Waypoint([src: 30, dst: XXX], 42)",
            "time-explore": 0.8428356647491455,
            "finished": {
                "precision": 9.989124559617318e-05,
                "p_property": 0,
                "num_explored": 228
            }
        },
        {
            "rrs": [
                18,
                56
            ],
            "brs": [
                12,
                42,
                49,
                23,
                60,
                39,
                9,
                52,
                15,
                32
            ],
            "property": "Waypoint([src: 8, dst: XXX], 35)",
            "time-explore": 0.9389069080352783,
            "finished": {
                "precision": 9.928369412270932e-05,
                "p_property": 0,
                "num_explored": 256
            }
        },
        {
            "rrs": [
                5,
                52
            ],
            "brs": [
                6,
                45,
                21,
                39,
                33,
                20,
                42,
                17,
                32,
                54
            ],
            "property": "Waypoint([src: 36, dst: XXX], 59)",
            "time-explore": 1.4647068977355957,
            "finished": {
                "precision": 9.980724800762182e-05,
                "p_property": 0,
                "num_explored": 355
            }
        },
        {
            "rrs": [
                43,
                44
            ],
            "brs": [
                58,
                53,
                52,
                33,
                25,
                0,
                48,
                23,
                31,
                57
            ],
            "property": "Waypoint([src: 51, dst: XXX], 8)",
            "time-explore": 0.823533296585083,
            "finished": {
                "precision": 9.993845489975054e-05,
                "p_property": 0,
                "num_explored": 227
            }
        },
        {
            "rrs": [
                37,
                26
            ],
            "brs": [
                1,
                9,
                7,
                31,
                16,
                8,
                47,
                46,
                13,
                3
            ],
            "property": "Waypoint([src: 38, dst: XXX], 14)",
            "time-explore": 1.3215835094451904,
            "finished": {
                "precision": 9.964188599165248e-05,
                "p_property": 3.87493376357438e-06,
                "num_explored": 331
            }
        }
    ]
}