{
    "topology": {
        "name": "Garr201004",
        "nof_nodes": 54,
        "nof_links": 71
    },
    "scenarios": [
        {
            "rrs": [
                37,
                4
            ],
            "brs": [
                38,
                22,
                25,
                11,
                14,
                50,
                15,
                35,
                40,
                27
            ],
            "property": "Waypoint([src: 17, dst: XXX], 19)",
            "time-explore": 0.6812632083892822,
            "finished": {
                "precision": 9.992752431364764e-05,
                "p_property": 0.9988991855249892,
                "num_explored": 196
            }
        },
        {
            "rrs": [
                1,
                18
            ],
            "brs": [
                15,
                40,
                39,
                32,
                43,
                35,
                23,
                36,
                0,
                41
            ],
            "property": "Waypoint([src: 38, dst: XXX], 51)",
            "time-explore": 1.231184720993042,
            "finished": {
                "precision": 9.974079802332883e-05,
                "p_property": 0,
                "num_explored": 336
            }
        },
        {
            "rrs": [
                8,
                30
            ],
            "brs": [
                46,
                47,
                40,
                35,
                2,
                41,
                50,
                28,
                24,
                23
            ],
            "property": "Waypoint([src: 11, dst: XXX], 9)",
            "time-explore": 0.6623961925506592,
            "finished": {
                "precision": 9.975431737541122e-05,
                "p_property": 0,
                "num_explored": 192
            }
        },
        {
            "rrs": [
                6,
                48
            ],
            "brs": [
                16,
                22,
                46,
                45,
                2,
                0,
                10,
                26,
                11,
                24
            ],
            "property": "Waypoint([src: 15, dst: XXX], 9)",
            "time-explore": 0.9266021251678467,
            "finished": {
                "precision": 9.915623596978845e-05,
                "p_property": 0,
                "num_explored": 267
            }
        },
        {
            "rrs": [
                7,
                8
            ],
            "brs": [
                15,
                18,
                24,
                47,
                32,
                33,
                35,
                45,
                42,
                49
            ],
            "property": "Waypoint([src: 26, dst: XXX], 28)",
            "time-explore": 1.09440279006958,
            "finished": {
                "precision": 9.976672225053827e-05,
                "p_property": 0.0009947491359447887,
                "num_explored": 301
            }
        },
        {
            "rrs": [
                30,
                52
            ],
            "brs": [
                42,
                15,
                10,
                13,
                47,
                25,
                43,
                11,
                3,
                46
            ],
            "property": "Waypoint([src: 20, dst: XXX], 34)",
            "time-explore": 1.1025753021240234,
            "finished": {
                "precision": 9.980391732899996e-05,
                "p_property": 0,
                "num_explored": 306
            }
        },
        {
            "rrs": [
                38,
                22
            ],
            "brs": [
                0,
                14,
                35,
                33,
                41,
                48,
                10,
                2,
                42,
                21
            ],
            "property": "Waypoint([src: 29, dst: XXX], 24)",
            "time-explore": 1.1267578601837158,
            "finished": {
                "precision": 9.945981836023686e-05,
                "p_property": 0,
                "num_explored": 321
            }
        },
        {
            "rrs": [
                7,
                4
            ],
            "brs": [
                51,
                26,
                10,
                18,
                21,
                31,
                14,
                45,
                49,
                25
            ],
            "property": "Waypoint([src: 47, dst: XXX], 22)",
            "time-explore": 1.0196752548217773,
            "finished": {
                "precision": 9.94749589676713e-05,
                "p_property": 0,
                "num_explored": 294
            }
        },
        {
            "rrs": [
                12,
                7
            ],
            "brs": [
                29,
                3,
                34,
                2,
                53,
                11,
                0,
                17,
                41,
                16
            ],
            "property": "Waypoint([src: 22, dst: XXX], 38)",
            "time-explore": 1.0112926959991455,
            "finished": {
                "precision": 9.959624915323319e-05,
                "p_property": 0,
                "num_explored": 285
            }
        },
        {
            "rrs": [
                8,
                1
            ],
            "brs": [
                43,
                17,
                0,
                50,
                14,
                2,
                11,
                35,
                15,
                5
            ],
            "property": "Waypoint([src: 28, dst: XXX], 4)",
            "time-explore": 1.0222997665405273,
            "finished": {
                "precision": 9.950072509934407e-05,
                "p_property": 0,
                "num_explored": 291
            }
        }
    ]
}