{
    "topology": {
        "name": "Garr201105",
        "nof_nodes": 59,
        "nof_links": 84
    },
    "scenarios": [
        {
            "rrs": [
                53,
                28
            ],
            "brs": [
                50,
                29,
                40,
                43,
                12,
                9,
                2,
                48,
                13,
                31
            ],
            "property": "Waypoint([src: 45, dst: XXX], 36)",
            "time-explore": 1.3229115009307861,
            "finished": {
                "precision": 9.939473555309333e-05,
                "p_property": 0,
                "num_explored": 338
            }
        },
        {
            "rrs": [
                55,
                18
            ],
            "brs": [
                12,
                52,
                26,
                40,
                17,
                16,
                24,
                11,
                13,
                58
            ],
            "property": "Waypoint([src: 57, dst: XXX], 56)",
            "time-explore": 1.3666529655456543,
            "finished": {
                "precision": 9.918445359480282e-05,
                "p_property": 0,
                "num_explored": 358
            }
        },
        {
            "rrs": [
                33,
                57
            ],
            "brs": [
                20,
                37,
                2,
                29,
                30,
                9,
                23,
                50,
                52,
                26
            ],
            "property": "Waypoint([src: 35, dst: XXX], 10)",
            "time-explore": 1.020599603652954,
            "finished": {
                "precision": 9.944243626802683e-05,
                "p_property": 0,
                "num_explored": 278
            }
        },
        {
            "rrs": [
                1,
                16
            ],
            "brs": [
                46,
                51,
                49,
                9,
                31,
                50,
                11,
                13,
                36,
                45
            ],
            "property": "Waypoint([src: 22, dst: XXX], 21)",
            "time-explore": 2.230999708175659,
            "finished": {
                "precision": 9.90919677811286e-05,
                "p_property": 0.9989100396088383,
                "num_explored": 532
            }
        },
        {
            "rrs": [
                53,
                18
            ],
            "brs": [
                13,
                19,
                58,
                50,
                46,
                41,
                45,
                40,
                8,
                48
            ],
            "property": "Waypoint([src: 20, dst: XXX], 22)",
            "time-explore": 0.7162303924560547,
            "finished": {
                "precision": 9.974968777648482e-05,
                "p_property": 0,
                "num_explored": 200
            }
        },
        {
            "rrs": [
                4,
                20
            ],
            "brs": [
                32,
                36,
                51,
                40,
                34,
                19,
                16,
                0,
                39,
                41
            ],
            "property": "Waypoint([src: 44, dst: XXX], 31)",
            "time-explore": 0.9301865100860596,
            "finished": {
                "precision": 9.9175988218625e-05,
                "p_property": 0,
                "num_explored": 250
            }
        },
        {
            "rrs": [
                33,
                53
            ],
            "brs": [
                10,
                16,
                8,
                12,
                46,
                45,
                55,
                58,
                50,
                2
            ],
            "property": "Waypoint([src: 44, dst: XXX], 35)",
            "time-explore": 0.7272922992706299,
            "finished": {
                "precision": 9.994720047479257e-05,
                "p_property": 0,
                "num_explored": 204
            }
        },
        {
            "rrs": [
                14,
                56
            ],
            "brs": [
                12,
                7,
                36,
                8,
                11,
                50,
                40,
                22,
                13,
                23
            ],
            "property": "Waypoint([src: 48, dst: XXX], 31)",
            "time-explore": 1.1766879558563232,
            "finished": {
                "precision": 9.914226652407708e-05,
                "p_property": 0,
                "num_explored": 303
            }
        },
        {
            "rrs": [
                18,
                3
            ],
            "brs": [
                19,
                50,
                23,
                41,
                17,
                51,
                11,
                31,
                32,
                30
            ],
            "property": "Waypoint([src: 0, dst: XXX], 53)",
            "time-explore": 1.0309607982635498,
            "finished": {
                "precision": 9.929918291129433e-05,
                "p_property": 2.9395864056237588e-06,
                "num_explored": 287
            }
        },
        {
            "rrs": [
                57,
                7
            ],
            "brs": [
                0,
                23,
                45,
                8,
                54,
                34,
                11,
                29,
                24,
                12
            ],
            "property": "Waypoint([src: 19, dst: XXX], 53)",
            "time-explore": 1.4199023246765137,
            "finished": {
                "precision": 9.944598824851435e-05,
                "p_property": 0.0009966510969735072,
                "num_explored": 370
            }
        }
    ]
}