{
    "topology": {
        "name": "Intranetwork",
        "nof_nodes": 39,
        "nof_links": 53
    },
    "scenarios": [
        {
            "rrs": [
                6,
                18
            ],
            "brs": [
                29,
                12,
                19,
                2,
                33,
                28,
                35,
                21,
                0,
                37
            ],
            "property": "Waypoint([src: 10, dst: XXX], 1)",
            "time-explore": 0.9909265041351318,
            "finished": {
                "precision": 9.905755066985663e-05,
                "p_property": 0,
                "num_explored": 340
            }
        },
        {
            "rrs": [
                0,
                35
            ],
            "brs": [
                26,
                25,
                20,
                7,
                23,
                11,
                3,
                2,
                12,
                14
            ],
            "property": "Waypoint([src: 13, dst: XXX], 27)",
            "time-explore": 1.1833600997924805,
            "finished": {
                "precision": 9.972584599171608e-05,
                "p_property": 0,
                "num_explored": 387
            }
        },
        {
            "rrs": [
                24,
                5
            ],
            "brs": [
                30,
                2,
                9,
                11,
                29,
                12,
                19,
                20,
                22,
                33
            ],
            "property": "Waypoint([src: 7, dst: XXX], 35)",
            "time-explore": 1.1073822975158691,
            "finished": {
                "precision": 9.914277787692599e-05,
                "p_property": 0,
                "num_explored": 379
            }
        },
        {
            "rrs": [
                7,
                16
            ],
            "brs": [
                20,
                2,
                25,
                30,
                15,
                18,
                10,
                35,
                27,
                19
            ],
            "property": "Waypoint([src: 6, dst: XXX], 23)",
            "time-explore": 0.8867144584655762,
            "finished": {
                "precision": 9.956747928419046e-05,
                "p_property": 0,
                "num_explored": 296
            }
        },
        {
            "rrs": [
                34,
                24
            ],
            "brs": [
                12,
                29,
                26,
                20,
                2,
                11,
                33,
                16,
                18,
                27
            ],
            "property": "Waypoint([src: 7, dst: XXX], 15)",
            "time-explore": 1.3118476867675781,
            "finished": {
                "precision": 9.992374318590352e-05,
                "p_property": 0,
                "num_explored": 437
            }
        },
        {
            "rrs": [
                37,
                8
            ],
            "brs": [
                19,
                14,
                38,
                12,
                25,
                20,
                32,
                22,
                11,
                15
            ],
            "property": "Waypoint([src: 4, dst: XXX], 29)",
            "time-explore": 1.3182995319366455,
            "finished": {
                "precision": 9.996192280592449e-05,
                "p_property": 0,
                "num_explored": 432
            }
        },
        {
            "rrs": [
                0,
                18
            ],
            "brs": [
                19,
                29,
                33,
                36,
                11,
                35,
                37,
                14,
                4,
                25
            ],
            "property": "Waypoint([src: 24, dst: XXX], 26)",
            "time-explore": 1.455627679824829,
            "finished": {
                "precision": 9.937407232352151e-05,
                "p_property": 0,
                "num_explored": 478
            }
        },
        {
            "rrs": [
                17,
                16
            ],
            "brs": [
                20,
                4,
                2,
                19,
                21,
                38,
                29,
                31,
                35,
                37
            ],
            "property": "Waypoint([src: 9, dst: XXX], 13)",
            "time-explore": 0.48703455924987793,
            "finished": {
                "precision": 9.97740263388725e-05,
                "p_property": 1.953525224405071e-06,
                "num_explored": 178
            }
        },
        {
            "rrs": [
                13,
                6
            ],
            "brs": [
                22,
                27,
                30,
                2,
                18,
                25,
                28,
                11,
                37,
                34
            ],
            "property": "Waypoint([src: 12, dst: XXX], 10)",
            "time-explore": 1.014883041381836,
            "finished": {
                "precision": 9.927088564243298e-05,
                "p_property": 0,
                "num_explored": 338
            }
        },
        {
            "rrs": [
                4,
                7
            ],
            "brs": [
                30,
                12,
                11,
                28,
                14,
                26,
                31,
                29,
                19,
                10
            ],
            "property": "Waypoint([src: 17, dst: XXX], 16)",
            "time-explore": 1.1524181365966797,
            "finished": {
                "precision": 9.918948158271761e-05,
                "p_property": 0.9939555867032139,
                "num_explored": 382
            }
        }
    ]
}