{
    "topology": {
        "name": "UsCarrier",
        "nof_nodes": 158,
        "nof_links": 189
    },
    "scenarios": [
        {
            "rrs": [
                17,
                68
            ],
            "brs": [
                157,
                128,
                19,
                126,
                91,
                111,
                115,
                23,
                88,
                89
            ],
            "property": "Waypoint([src: 45, dst: XXX], 14)",
            "time-explore": 38.31278657913208,
            "finished": {
                "precision": 9.991651255414345e-05,
                "p_property": 0,
                "num_explored": 3038
            }
        },
        {
            "rrs": [
                49,
                107
            ],
            "brs": [
                155,
                42,
                73,
                145,
                45,
                140,
                138,
                146,
                135,
                43
            ],
            "property": "Waypoint([src: 18, dst: XXX], 98)",
            "time-explore": 22.158833980560303,
            "finished": {
                "precision": 9.997718685861305e-05,
                "p_property": 0,
                "num_explored": 2028
            }
        },
        {
            "rrs": [
                3,
                30
            ],
            "brs": [
                89,
                122,
                93,
                96,
                113,
                44,
                27,
                46,
                41,
                40
            ],
            "property": "Waypoint([src: 38, dst: XXX], 107)",
            "time-explore": 30.76329755783081,
            "finished": {
                "precision": 9.93096257581039e-05,
                "p_property": 0,
                "num_explored": 2648
            }
        },
        {
            "rrs": [
                10,
                103
            ],
            "brs": [
                142,
                130,
                99,
                65,
                42,
                60,
                5,
                147,
                68,
                95
            ],
            "property": "Waypoint([src: 3, dst: XXX], 87)",
            "time-explore": 27.349846839904785,
            "finished": {
                "precision": 9.964720930533133e-05,
                "p_property": 0,
                "num_explored": 2477
            }
        },
        {
            "rrs": [
                132,
                9
            ],
            "brs": [
                87,
                147,
                81,
                143,
                113,
                52,
                75,
                93,
                111,
                47
            ],
            "property": "Waypoint([src: 63, dst: XXX], 96)",
            "time-explore": 36.88883972167969,
            "finished": {
                "precision": 9.933692246966156e-05,
                "p_property": 0.002968052622867878,
                "num_explored": 3102
            }
        },
        {
            "rrs": [
                57,
                131
            ],
            "brs": [
                37,
                115,
                157,
                155,
                43,
                52,
                111,
                6,
                41,
                146
            ],
            "property": "Waypoint([src: 3, dst: XXX], 130)",
            "time-explore": 41.120354652404785,
            "finished": {
                "precision": 9.941046291161987e-05,
                "p_property": 0,
                "num_explored": 3365
            }
        },
        {
            "rrs": [
                134,
                17
            ],
            "brs": [
                156,
                116,
                73,
                144,
                43,
                119,
                83,
                24,
                97,
                39
            ],
            "property": "Waypoint([src: 52, dst: XXX], 35)",
            "time-explore": 25.79187536239624,
            "finished": {
                "precision": 9.968450885378114e-05,
                "p_property": 0.0009900194875890357,
                "num_explored": 2290
            }
        },
        {
            "rrs": [
                84,
                150
            ],
            "brs": [
                36,
                72,
                41,
                116,
                112,
                153,
                54,
                115,
                2,
                132
            ],
            "property": "Waypoint([src: 53, dst: XXX], 121)",
            "time-explore": 17.16908049583435,
            "finished": {
                "precision": 9.906815926541415e-05,
                "p_property": 0,
                "num_explored": 1629
            }
        },
        {
            "rrs": [
                30,
                45
            ],
            "brs": [
                89,
                88,
                71,
                134,
                137,
                112,
                27,
                58,
                3,
                145
            ],
            "property": "Waypoint([src: 55, dst: XXX], 36)",
            "time-explore": 35.343268156051636,
            "finished": {
                "precision": 9.923249833421187e-05,
                "p_property": 2.777563478036615e-06,
                "num_explored": 3018
            }
        },
        {
            "rrs": [
                31,
                39
            ],
            "brs": [
                72,
                42,
                61,
                43,
                47,
                151,
                76,
                64,
                119,
                143
            ],
            "property": "Waypoint([src: 107, dst: XXX], 7)",
            "time-explore": 17.904252290725708,
            "finished": {
                "precision": 9.92995544202291e-05,
                "p_property": 0.997896247185458,
                "num_explored": 1756
            }
        }
    ]
}