{
    "topology": {
        "name": "Tinet",
        "nof_nodes": 53,
        "nof_links": 89
    },
    "scenarios": [
        {
            "rrs": [
                17,
                4
            ],
            "brs": [
                50,
                21,
                48,
                3,
                20,
                32,
                14,
                45,
                26,
                51
            ],
            "property": "Waypoint([src: 52, dst: XXX], 43)",
            "time-explore": 4.134490251541138,
            "finished": {
                "precision": 9.990353142075302e-05,
                "p_property": 0,
                "num_explored": 863
            }
        },
        {
            "rrs": [
                26,
                7
            ],
            "brs": [
                23,
                45,
                21,
                22,
                49,
                19,
                38,
                50,
                46,
                29
            ],
            "property": "Waypoint([src: 20, dst: XXX], 16)",
            "time-explore": 2.8090250492095947,
            "finished": {
                "precision": 9.917093151246004e-05,
                "p_property": 0,
                "num_explored": 621
            }
        },
        {
            "rrs": [
                18,
                6
            ],
            "brs": [
                11,
                43,
                51,
                31,
                26,
                46,
                47,
                44,
                29,
                5
            ],
            "property": "Waypoint([src: 24, dst: XXX], 12)",
            "time-explore": 2.113664388656616,
            "finished": {
                "precision": 9.959505402767918e-05,
                "p_property": 0,
                "num_explored": 489
            }
        },
        {
            "rrs": [
                30,
                22
            ],
            "brs": [
                44,
                10,
                20,
                33,
                15,
                50,
                14,
                16,
                40,
                1
            ],
            "property": "Waypoint([src: 46, dst: XXX], 11)",
            "time-explore": 3.1006863117218018,
            "finished": {
                "precision": 9.964429177344863e-05,
                "p_property": 2.8996661538198257e-06,
                "num_explored": 679
            }
        },
        {
            "rrs": [
                24,
                35
            ],
            "brs": [
                33,
                48,
                40,
                28,
                22,
                9,
                19,
                39,
                15,
                11
            ],
            "property": "Waypoint([src: 0, dst: XXX], 10)",
            "time-explore": 0.9094154834747314,
            "finished": {
                "precision": 9.947112253361193e-05,
                "p_property": 0.9959458844123208,
                "num_explored": 227
            }
        },
        {
            "rrs": [
                35,
                49
            ],
            "brs": [
                36,
                19,
                1,
                29,
                43,
                50,
                48,
                21,
                44,
                10
            ],
            "property": "Waypoint([src: 34, dst: XXX], 20)",
            "time-explore": 2.4863405227661133,
            "finished": {
                "precision": 9.94657151580646e-05,
                "p_property": 0,
                "num_explored": 582
            }
        },
        {
            "rrs": [
                12,
                26
            ],
            "brs": [
                31,
                27,
                47,
                13,
                43,
                44,
                16,
                49,
                52,
                30
            ],
            "property": "Waypoint([src: 4, dst: XXX], 29)",
            "time-explore": 4.053145885467529,
            "finished": {
                "precision": 9.928241748202721e-05,
                "p_property": 0,
                "num_explored": 811
            }
        },
        {
            "rrs": [
                42,
                2
            ],
            "brs": [
                47,
                21,
                41,
                16,
                15,
                17,
                27,
                32,
                46,
                22
            ],
            "property": "Waypoint([src: 31, dst: XXX], 13)",
            "time-explore": 2.352918863296509,
            "finished": {
                "precision": 9.932066208684366e-05,
                "p_property": 0,
                "num_explored": 541
            }
        },
        {
            "rrs": [
                5,
                36
            ],
            "brs": [
                49,
                50,
                29,
                42,
                27,
                43,
                48,
                45,
                11,
                52
            ],
            "property": "Waypoint([src: 35, dst: XXX], 14)",
            "time-explore": 2.6537346839904785,
            "finished": {
                "precision": 9.937754107003371e-05,
                "p_property": 0,
                "num_explored": 594
            }
        },
        {
            "rrs": [
                33,
                14
            ],
            "brs": [
                48,
                16,
                49,
                47,
                11,
                44,
                35,
                20,
                40,
                45
            ],
            "property": "Waypoint([src: 18, dst: XXX], 41)",
            "time-explore": 1.9947221279144287,
            "finished": {
                "precision": 9.930941371283361e-05,
                "p_property": 0,
                "num_explored": 469
            }
        }
    ]
}