{
    "topology": {
        "name": "Syringa",
        "nof_nodes": 74,
        "nof_links": 74
    },
    "scenarios": [
        {
            "rrs": [
                4,
                61
            ],
            "brs": [
                27,
                25,
                63,
                39,
                50,
                21,
                67,
                43,
                57,
                62
            ],
            "property": "Waypoint([src: 11, dst: XXX], 26)",
            "time-explore": 4.089780330657959,
            "finished": {
                "precision": 9.961408723779812e-05,
                "p_property": 0,
                "num_explored": 1035
            }
        },
        {
            "rrs": [
                3,
                62
            ],
            "brs": [
                58,
                38,
                42,
                1,
                56,
                27,
                67,
                22,
                23,
                10
            ],
            "property": "Waypoint([src: 36, dst: XXX], 20)",
            "time-explore": 4.33086371421814,
            "finished": {
                "precision": 9.967833144508556e-05,
                "p_property": 0,
                "num_explored": 1091
            }
        },
        {
            "rrs": [
                8,
                61
            ],
            "brs": [
                56,
                50,
                73,
                60,
                52,
                53,
                49,
                21,
                71,
                36
            ],
            "property": "Waypoint([src: 18, dst: XXX], 25)",
            "time-explore": 3.5296974182128906,
            "finished": {
                "precision": 9.92257314699207e-05,
                "p_property": 0,
                "num_explored": 964
            }
        },
        {
            "rrs": [
                14,
                66
            ],
            "brs": [
                24,
                56,
                22,
                16,
                64,
                63,
                57,
                5,
                6,
                70
            ],
            "property": "Waypoint([src: 69, dst: XXX], 28)",
            "time-explore": 4.048312425613403,
            "finished": {
                "precision": 9.945130302913005e-05,
                "p_property": 0,
                "num_explored": 1043
            }
        },
        {
            "rrs": [
                26,
                11
            ],
            "brs": [
                64,
                56,
                68,
                60,
                25,
                6,
                49,
                23,
                24,
                30
            ],
            "property": "Waypoint([src: 47, dst: XXX], 52)",
            "time-explore": 5.847606897354126,
            "finished": {
                "precision": 9.980528753972257e-05,
                "p_property": 0.002993024792794606,
                "num_explored": 1316
            }
        },
        {
            "rrs": [
                12,
                22
            ],
            "brs": [
                48,
                19,
                35,
                68,
                51,
                65,
                37,
                34,
                0,
                24
            ],
            "property": "Waypoint([src: 21, dst: XXX], 4)",
            "time-explore": 5.278045177459717,
            "finished": {
                "precision": 9.914848889747136e-05,
                "p_property": 0,
                "num_explored": 1273
            }
        },
        {
            "rrs": [
                14,
                13
            ],
            "brs": [
                1,
                57,
                9,
                22,
                8,
                5,
                67,
                68,
                25,
                24
            ],
            "property": "Waypoint([src: 6, dst: XXX], 31)",
            "time-explore": 2.9255454540252686,
            "finished": {
                "precision": 9.960642396422689e-05,
                "p_property": 0,
                "num_explored": 841
            }
        },
        {
            "rrs": [
                53,
                11
            ],
            "brs": [
                3,
                60,
                16,
                59,
                4,
                35,
                57,
                65,
                38,
                50
            ],
            "property": "Waypoint([src: 52, dst: XXX], 58)",
            "time-explore": 3.370476007461548,
            "finished": {
                "precision": 9.965034765024862e-05,
                "p_property": 0,
                "num_explored": 901
            }
        },
        {
            "rrs": [
                42,
                47
            ],
            "brs": [
                70,
                41,
                19,
                27,
                58,
                22,
                6,
                24,
                20,
                72
            ],
            "property": "Waypoint([src: 15, dst: XXX], 62)",
            "time-explore": 5.349519968032837,
            "finished": {
                "precision": 9.997478545631383e-05,
                "p_property": 0,
                "num_explored": 1253
            }
        },
        {
            "rrs": [
                0,
                12
            ],
            "brs": [
                6,
                21,
                16,
                18,
                54,
                36,
                1,
                22,
                19,
                56
            ],
            "property": "Waypoint([src: 24, dst: XXX], 35)",
            "time-explore": 4.868947505950928,
            "finished": {
                "precision": 9.922088044100887e-05,
                "p_property": 0,
                "num_explored": 1216
            }
        }
    ]
}