{
    "topology": {
        "name": "Highwinds",
        "nof_nodes": 18,
        "nof_links": 53
    },
    "scenarios": [
        {
            "rrs": [
                6,
                17
            ],
            "brs": [
                13,
                5,
                10,
                3,
                8,
                7,
                4,
                16,
                1,
                12
            ],
            "property": "Waypoint([src: 9, dst: XXX], 11)",
            "time-explore": 0.48281240463256836,
            "finished": {
                "precision": 9.921791899969443e-05,
                "p_property": 0,
                "num_explored": 218
            }
        },
        {
            "rrs": [
                16,
                12
            ],
            "brs": [
                1,
                11,
                7,
                8,
                4,
                6,
                0,
                10,
                3,
                17
            ],
            "property": "Waypoint([src: 15, dst: XXX], 14)",
            "time-explore": 0.3558950424194336,
            "finished": {
                "precision": 9.973979698207909e-05,
                "p_property": 0,
                "num_explored": 171
            }
        },
        {
            "rrs": [
                14,
                2
            ],
            "brs": [
                3,
                7,
                17,
                12,
                1,
                0,
                8,
                11,
                5,
                10
            ],
            "property": "Waypoint([src: 15, dst: XXX], 16)",
            "time-explore": 0.2080826759338379,
            "finished": {
                "precision": 9.933083782576188e-05,
                "p_property": 0,
                "num_explored": 105
            }
        },
        {
            "rrs": [
                0,
                2
            ],
            "brs": [
                6,
                1,
                11,
                4,
                16,
                7,
                10,
                8,
                13,
                14
            ],
            "property": "Waypoint([src: 17, dst: XXX], 5)",
            "time-explore": 0.24650263786315918,
            "finished": {
                "precision": 9.936524069686922e-05,
                "p_property": 0,
                "num_explored": 116
            }
        },
        {
            "rrs": [
                9,
                17
            ],
            "brs": [
                1,
                4,
                5,
                16,
                3,
                12,
                6,
                0,
                10,
                7
            ],
            "property": "Waypoint([src: 8, dst: XXX], 2)",
            "time-explore": 0.39795923233032227,
            "finished": {
                "precision": 9.985812169910344e-05,
                "p_property": 0,
                "num_explored": 187
            }
        },
        {
            "rrs": [
                14,
                10
            ],
            "brs": [
                3,
                1,
                6,
                17,
                8,
                7,
                5,
                4,
                11,
                0
            ],
            "property": "Waypoint([src: 9, dst: XXX], 12)",
            "time-explore": 0.2746131420135498,
            "finished": {
                "precision": 9.950652147394654e-05,
                "p_property": 9.7725123782145e-07,
                "num_explored": 134
            }
        },
        {
            "rrs": [
                9,
                8
            ],
            "brs": [
                3,
                7,
                1,
                5,
                16,
                6,
                11,
                17,
                0,
                2
            ],
            "property": "Waypoint([src: 13, dst: XXX], 10)",
            "time-explore": 0.28302741050720215,
            "finished": {
                "precision": 9.954190551009208e-05,
                "p_property": 0,
                "num_explored": 139
            }
        },
        {
            "rrs": [
                9,
                13
            ],
            "brs": [
                5,
                1,
                16,
                7,
                4,
                11,
                6,
                0,
                3,
                10
            ],
            "property": "Waypoint([src: 14, dst: XXX], 15)",
            "time-explore": 0.3738257884979248,
            "finished": {
                "precision": 9.985317772831516e-05,
                "p_property": 9.733480924695606e-07,
                "num_explored": 166
            }
        },
        {
            "rrs": [
                13,
                15
            ],
            "brs": [
                3,
                7,
                6,
                4,
                0,
                8,
                10,
                1,
                14,
                16
            ],
            "property": "Waypoint([src: 17, dst: XXX], 5)",
            "time-explore": 0.5139386653900146,
            "finished": {
                "precision": 9.90520041078691e-05,
                "p_property": 0,
                "num_explored": 244
            }
        },
        {
            "rrs": [
                17,
                2
            ],
            "brs": [
                6,
                5,
                12,
                7,
                8,
                1,
                0,
                3,
                4,
                16
            ],
            "property": "Waypoint([src: 15, dst: XXX], 13)",
            "time-explore": 0.2917630672454834,
            "finished": {
                "precision": 9.956342944006384e-05,
                "p_property": 0,
                "num_explored": 141
            }
        }
    ]
}