{
    "topology": {
        "name": "Uunet",
        "nof_nodes": 49,
        "nof_links": 84
    },
    "scenarios": [
        {
            "rrs": [
                25,
                30
            ],
            "brs": [
                26,
                27,
                7,
                38,
                39,
                2,
                5,
                16,
                20,
                6
            ],
            "property": "Waypoint([src: 9, dst: XXX], 15)",
            "time-explore": 1.6534743309020996,
            "finished": {
                "precision": 9.951135559582715e-05,
                "p_property": 0,
                "num_explored": 413
            }
        },
        {
            "rrs": [
                27,
                44
            ],
            "brs": [
                19,
                1,
                35,
                11,
                0,
                5,
                29,
                7,
                22,
                40
            ],
            "property": "Waypoint([src: 2, dst: XXX], 38)",
            "time-explore": 1.9628839492797852,
            "finished": {
                "precision": 9.982389996920922e-05,
                "p_property": 0,
                "num_explored": 471
            }
        },
        {
            "rrs": [
                27,
                25
            ],
            "brs": [
                5,
                36,
                31,
                42,
                29,
                38,
                40,
                3,
                1,
                17
            ],
            "property": "Waypoint([src: 9, dst: XXX], 4)",
            "time-explore": 1.6764569282531738,
            "finished": {
                "precision": 9.98250121705401e-05,
                "p_property": 0,
                "num_explored": 415
            }
        },
        {
            "rrs": [
                45,
                41
            ],
            "brs": [
                33,
                17,
                40,
                29,
                8,
                37,
                1,
                47,
                19,
                6
            ],
            "property": "Waypoint([src: 35, dst: XXX], 38)",
            "time-explore": 3.0984997749328613,
            "finished": {
                "precision": 9.949203302772596e-05,
                "p_property": 0,
                "num_explored": 675
            }
        },
        {
            "rrs": [
                29,
                34
            ],
            "brs": [
                32,
                18,
                1,
                3,
                2,
                22,
                8,
                10,
                20,
                37
            ],
            "property": "Waypoint([src: 28, dst: XXX], 24)",
            "time-explore": 2.6659774780273438,
            "finished": {
                "precision": 9.914588144055439e-05,
                "p_property": 0,
                "num_explored": 605
            }
        },
        {
            "rrs": [
                30,
                44
            ],
            "brs": [
                32,
                41,
                6,
                15,
                38,
                31,
                14,
                2,
                37,
                1
            ],
            "property": "Waypoint([src: 39, dst: XXX], 42)",
            "time-explore": 2.5977869033813477,
            "finished": {
                "precision": 9.987661977972624e-05,
                "p_property": 0,
                "num_explored": 609
            }
        },
        {
            "rrs": [
                13,
                8
            ],
            "brs": [
                20,
                37,
                0,
                11,
                17,
                2,
                10,
                7,
                3,
                31
            ],
            "property": "Waypoint([src: 12, dst: XXX], 22)",
            "time-explore": 1.0632426738739014,
            "finished": {
                "precision": 9.932018002123393e-05,
                "p_property": 0,
                "num_explored": 273
            }
        },
        {
            "rrs": [
                47,
                45
            ],
            "brs": [
                39,
                33,
                13,
                22,
                8,
                31,
                2,
                3,
                34,
                20
            ],
            "property": "Waypoint([src: 42, dst: XXX], 35)",
            "time-explore": 1.4177570343017578,
            "finished": {
                "precision": 9.931527521633843e-05,
                "p_property": 0,
                "num_explored": 353
            }
        },
        {
            "rrs": [
                41,
                28
            ],
            "brs": [
                21,
                18,
                46,
                7,
                29,
                22,
                15,
                3,
                35,
                42
            ],
            "property": "Waypoint([src: 26, dst: XXX], 34)",
            "time-explore": 2.109764337539673,
            "finished": {
                "precision": 9.958828828759988e-05,
                "p_property": 0,
                "num_explored": 485
            }
        },
        {
            "rrs": [
                24,
                25
            ],
            "brs": [
                37,
                0,
                17,
                39,
                40,
                11,
                19,
                7,
                32,
                1
            ],
            "property": "Waypoint([src: 27, dst: XXX], 36)",
            "time-explore": 1.8936235904693604,
            "finished": {
                "precision": 9.908973282435336e-05,
                "p_property": 0,
                "num_explored": 466
            }
        }
    ]
}