{
    "topology": {
        "name": "AsnetAm",
        "nof_nodes": 65,
        "nof_links": 79
    },
    "scenarios": [
        {
            "rrs": [
                47,
                8
            ],
            "brs": [
                33,
                58,
                31,
                29,
                63,
                15,
                64,
                45,
                38,
                51,
                43,
                26,
                41,
                32,
                6,
                30,
                40,
                27,
                14,
                24
            ],
            "property": "Waypoint([src: 53, dst: XXX], 48)",
            "time-explore": 2.3675341606140137,
            "finished": {
                "precision": 0.0001995083896895177,
                "p_property": 0,
                "num_explored": 420
            }
        },
        {
            "rrs": [
                60,
                29
            ],
            "brs": [
                35,
                50,
                32,
                9,
                0,
                58,
                33,
                52,
                39,
                31,
                36,
                15,
                57,
                6,
                38,
                21,
                18,
                20,
                12,
                23
            ],
            "property": "Waypoint([src: 53, dst: XXX], 43)",
            "time-explore": 1.9754464626312256,
            "finished": {
                "precision": 0.00019987530591880634,
                "p_property": 0,
                "num_explored": 371
            }
        },
        {
            "rrs": [
                27,
                2
            ],
            "brs": [
                14,
                64,
                1,
                58,
                63,
                44,
                21,
                62,
                13,
                34,
                42,
                40,
                54,
                33,
                50,
                18,
                30,
                60,
                37,
                3
            ],
            "property": "Waypoint([src: 5, dst: XXX], 12)",
            "time-explore": 3.0896971225738525,
            "finished": {
                "precision": 0.0001998718953144517,
                "p_property": 0,
                "num_explored": 558
            }
        },
        {
            "rrs": [
                22,
                29
            ],
            "brs": [
                35,
                50,
                40,
                14,
                17,
                59,
                41,
                63,
                32,
                9,
                33,
                23,
                13,
                34,
                16,
                38,
                12,
                62,
                57,
                39
            ],
            "property": "Waypoint([src: 25, dst: XXX], 45)",
            "time-explore": 1.9134328365325928,
            "finished": {
                "precision": 0.00019941624699015825,
                "p_property": 0,
                "num_explored": 362
            }
        },
        {
            "rrs": [
                61,
                55
            ],
            "brs": [
                38,
                33,
                58,
                50,
                0,
                35,
                57,
                43,
                42,
                45,
                1,
                32,
                34,
                11,
                23,
                13,
                40,
                52,
                31,
                2
            ],
            "property": "Waypoint([src: 5, dst: XXX], 47)",
            "time-explore": 2.492563247680664,
            "finished": {
                "precision": 0.00019922615600420635,
                "p_property": 0,
                "num_explored": 469
            }
        },
        {
            "rrs": [
                15,
                63
            ],
            "brs": [
                57,
                33,
                6,
                39,
                14,
                32,
                38,
                20,
                9,
                58,
                44,
                17,
                34,
                53,
                12,
                51,
                49,
                24,
                8,
                42
            ],
            "property": "Waypoint([src: 55, dst: XXX], 25)",
            "time-explore": 2.299520254135132,
            "finished": {
                "precision": 0.00019916692313026727,
                "p_property": 0,
                "num_explored": 418
            }
        },
        {
            "rrs": [
                8,
                4
            ],
            "brs": [
                51,
                37,
                58,
                42,
                41,
                61,
                6,
                34,
                1,
                54,
                13,
                14,
                30,
                33,
                43,
                23,
                32,
                46,
                64,
                11
            ],
            "property": "Waypoint([src: 12, dst: XXX], 22)",
            "time-explore": 2.7626237869262695,
            "finished": {
                "precision": 0.00019915967676964453,
                "p_property": 0.9988010113041867,
                "num_explored": 492
            }
        },
        {
            "rrs": [
                27,
                56
            ],
            "brs": [
                23,
                29,
                58,
                21,
                35,
                59,
                63,
                26,
                33,
                50,
                14,
                0,
                42,
                38,
                46,
                43,
                44,
                22,
                30,
                54
            ],
            "property": "Waypoint([src: 62, dst: XXX], 20)",
            "time-explore": 2.119490385055542,
            "finished": {
                "precision": 0.0001998563143211783,
                "p_property": 0,
                "num_explored": 389
            }
        },
        {
            "rrs": [
                22,
                6
            ],
            "brs": [
                32,
                63,
                51,
                30,
                0,
                49,
                57,
                54,
                34,
                35,
                37,
                13,
                17,
                27,
                58,
                36,
                33,
                41,
                9,
                50
            ],
            "property": "Waypoint([src: 55, dst: XXX], 60)",
            "time-explore": 2.031447410583496,
            "finished": {
                "precision": 0.00019993431010134613,
                "p_property": 0.0009916952037858277,
                "num_explored": 370
            }
        },
        {
            "rrs": [
                19,
                24
            ],
            "brs": [
                50,
                59,
                52,
                32,
                30,
                31,
                33,
                36,
                60,
                64,
                1,
                51,
                35,
                58,
                40,
                43,
                41,
                29,
                8,
                34
            ],
            "property": "Waypoint([src: 27, dst: XXX], 53)",
            "time-explore": 1.8304126262664795,