{
    "topology": {
        "name": "Dfn",
        "nof_nodes": 58,
        "nof_links": 87
    },
    "scenarios": [
        {
            "rrs": [
                33,
                44
            ],
            "brs": [
                39,
                18,
                38,
                2,
                48,
                8,
                56,
                49,
                0,
                45
            ],
            "property": "Waypoint([src: 31, dst: XXX], 5)",
            "time-explore": 0.7033812999725342,
            "finished": {
                "precision": 9.990558757155821e-05,
                "p_property": 0,
                "num_explored": 183
            }
        },
        {
            "rrs": [
                34,
                55
            ],
            "brs": [
                2,
                39,
                11,
                21,
                27,
                13,
                47,
                40,
                57,
                16
            ],
            "property": "Waypoint([src: 9, dst: XXX], 31)",
            "time-explore": 1.853226900100708,
            "finished": {
                "precision": 9.933575684828448e-05,
                "p_property": 0,
                "num_explored": 431
            }
        },
        {
            "rrs": [
                26,
                51
            ],
            "brs": [
                49,
                1,
                38,
                5,
                57,
                30,
                2,
                15,
                47,
                39
            ],
            "property": "Waypoint([src: 4, dst: XXX], 27)",
            "time-explore": 1.107788324356079,
            "finished": {
                "precision": 9.994727968776204e-05,
                "p_property": 0,
                "num_explored": 273
            }
        },
        {
            "rrs": [
                4,
                48
            ],
            "brs": [
                57,
                38,
                6,
                5,
                40,
                46,
                30,
                42,
                41,
                10
            ],
            "property": "Waypoint([src: 3, dst: XXX], 32)",
            "time-explore": 1.187488317489624,
            "finished": {
                "precision": 9.921278805768988e-05,
                "p_property": 0,
                "num_explored": 281
            }
        },
        {
            "rrs": [
                14,
                53
            ],
            "brs": [
                6,
                23,
                18,
                11,
                40,
                34,
                30,
                46,
                22,
                3
            ],
            "property": "Waypoint([src: 48, dst: XXX], 35)",
            "time-explore": 2.161271572113037,
            "finished": {
                "precision": 9.962759142356782e-05,
                "p_property": 0,
                "num_explored": 482
            }
        },
        {
            "rrs": [
                26,
                12
            ],
            "brs": [
                5,
                18,
                21,
                39,
                9,
                40,
                6,
                20,
                27,
                0
            ],
            "property": "Waypoint([src: 16, dst: XXX], 29)",
            "time-explore": 1.9208173751831055,
            "finished": {
                "precision": 9.916768983819764e-05,
                "p_property": 0,
                "num_explored": 438
            }
        },
        {
            "rrs": [
                33,
                52
            ],
            "brs": [
                29,
                6,
                42,
                20,
                1,
                41,
                2,
                49,
                7,
                28
            ],
            "property": "Waypoint([src: 31, dst: XXX], 30)",
            "time-explore": 0.9542195796966553,
            "finished": {
                "precision": 9.963890520447988e-05,
                "p_property": 0.0019885541952525706,
                "num_explored": 232
            }
        },
        {
            "rrs": [
                53,
                26
            ],
            "brs": [
                9,
                15,
                49,
                25,
                11,
                0,
                35,
                54,
                42,
                36
            ],
            "property": "Waypoint([src: 30, dst: XXX], 28)",
            "time-explore": 1.411313772201538,
            "finished": {
                "precision": 9.926358736822578e-05,
                "p_property": 0,
                "num_explored": 343
            }
        },
        {
            "rrs": [
                32,
                36
            ],
            "brs": [
                25,
                34,
                20,
                13,
                0,
                10,
                54,
                49,
                40,
                56
            ],
            "property": "Waypoint([src: 38, dst: XXX], 29)",
            "time-explore": 1.8637027740478516,
            "finished": {
                "precision": 9.918302138534068e-05,
                "p_property": 0,
                "num_explored": 419
            }
        },
        {
            "rrs": [
                50,
                14
            ],
            "brs": [
                40,
                57,
                23,
                41,
                38,
                0,
                5,
                34,
                27,
                49
            ],
            "property": "Waypoint([src: 33, dst: XXX], 39)",
            "time-explore": 1.5089669227600098,
            "finished": {
                "precision": 9.946432296714665e-05,
                "p_property": 0,
                "num_explored": 349
            }
        }
    ]
}