{
    "topology": {
        "name": "Garr201001",
        "nof_nodes": 54,
        "nof_links": 68
    },
    "scenarios": [
        {
            "rrs": [
                38,
                4
            ],
            "brs": [
                51,
                10,
                53,
                2,
                41,
                40,
                45,
                0,
                47,
                43
            ],
            "property": "Waypoint([src: 26, dst: XXX], 20)",
            "time-explore": 1.2623200416564941,
            "finished": {
                "precision": 9.913217245294251e-05,
                "p_property": 0,
                "num_explored": 355
            }
        },
        {
            "rrs": [
                13,
                30
            ],
            "brs": [
                29,
                12,
                48,
                43,
                40,
                50,
                10,
                32,
                42,
                52
            ],
            "property": "Waypoint([src: 14, dst: XXX], 7)",
            "time-explore": 0.35426926612854004,
            "finished": {
                "precision": 9.929658483986964e-05,
                "p_property": 0,
                "num_explored": 110
            }
        },
        {
            "rrs": [
                7,
                23
            ],
            "brs": [
                21,
                47,
                37,
                17,
                35,
                2,
                14,
                45,
                24,
                44
            ],
            "property": "Waypoint([src: 12, dst: XXX], 22)",
            "time-explore": 1.2651152610778809,
            "finished": {
                "precision": 9.923692271074372e-05,
                "p_property": 0,
                "num_explored": 347
            }
        },
        {
            "rrs": [
                19,
                23
            ],
            "brs": [
                10,
                25,
                42,
                47,
                30,
                17,
                29,
                46,
                52,
                11
            ],
            "property": "Waypoint([src: 18, dst: XXX], 35)",
            "time-explore": 0.7302124500274658,
            "finished": {
                "precision": 9.961178240658339e-05,
                "p_property": 0,
                "num_explored": 219
            }
        },
        {
            "rrs": [
                4,
                52
            ],
            "brs": [
                28,
                46,
                42,
                20,
                41,
                25,
                40,
                47,
                16,
                17
            ],
            "property": "Waypoint([src: 12, dst: XXX], 44)",
            "time-explore": 0.7517421245574951,
            "finished": {
                "precision": 9.997263060634873e-05,
                "p_property": 0,
                "num_explored": 220
            }
        },
        {
            "rrs": [
                44,
                52
            ],
            "brs": [
                31,
                22,
                10,
                30,
                5,
                36,
                34,
                43,
                40,
                16
            ],
            "property": "Waypoint([src: 51, dst: XXX], 6)",
            "time-explore": 0.6294465065002441,
            "finished": {
                "precision": 9.96002775358607e-05,
                "p_property": 0,
                "num_explored": 188
            }
        },
        {
            "rrs": [
                49,
                30
            ],
            "brs": [
                17,
                29,
                46,
                27,
                14,
                28,
                0,
                13,
                20,
                44
            ],
            "property": "Waypoint([src: 16, dst: XXX], 52)",
            "time-explore": 0.3335995674133301,
            "finished": {
                "precision": 9.931010353902987e-05,
                "p_property": 0,
                "num_explored": 103
            }
        },
        {
            "rrs": [
                8,
                1
            ],
            "brs": [
                49,
                0,
                44,
                23,
                40,
                51,
                11,
                12,
                2,
                27
            ],
            "property": "Waypoint([src: 3, dst: XXX], 19)",
            "time-explore": 0.6681463718414307,
            "finished": {
                "precision": 9.974459096517848e-05,
                "p_property": 0,
                "num_explored": 200
            }
        },
        {
            "rrs": [
                38,
                1
            ],
            "brs": [
                46,
                44,
                21,
                22,
                14,
                20,
                49,
                50,
                2,
                51
            ],
            "property": "Waypoint([src: 37, dst: XXX], 27)",
            "time-explore": 0.8989789485931396,
            "finished": {
                "precision": 9.922084875180209e-05,
                "p_property": 0,
                "num_explored": 258
            }
        },
        {
            "rrs": [
                23,
                31
            ],
            "brs": [
                21,
                14,
                43,
                24,
                11,
                30,
                9,
                13,
                2,
                10
            ],
            "property": "Waypoint([src: 49, dst: XXX], 22)",
            "time-explore": 0.9939637184143066,
            "finished": {
                "precision": 9.950949773840366e-05,
                "p_property": 0,
                "num_explored": 281
            }
        }
    ]
}