{
    "topology": {
        "name": "Garr200908",
        "nof_nodes": 54,
        "nof_links": 68
    },
    "scenarios": [
        {
            "rrs": [
                38,
                52
            ],
            "brs": [
                32,
                47,
                21,
                40,
                13,
                45,
                27,
                14,
                46,
                51
            ],
            "property": "Waypoint([src: 7, dst: XXX], 24)",
            "time-explore": 2.0755608081817627,
            "finished": {
                "precision": 9.913188959120854e-05,
                "p_property": 5.7916056635725854e-06,
                "num_explored": 535
            }
        },
        {
            "rrs": [
                18,
                48
            ],
            "brs": [
                41,
                45,
                29,
                32,
                33,
                40,
                46,
                11,
                30,
                23
            ],
            "property": "Waypoint([src: 36, dst: XXX], 0)",
            "time-explore": 0.7200202941894531,
            "finished": {
                "precision": 9.961986634610129e-05,
                "p_property": 0,
                "num_explored": 217
            }
        },
        {
            "rrs": [
                22,
                31
            ],
            "brs": [
                42,
                29,
                33,
                38,
                0,
                5,
                45,
                41,
                28,
                50
            ],
            "property": "Waypoint([src: 12, dst: XXX], 40)",
            "time-explore": 0.27334070205688477,
            "finished": {
                "precision": 9.929150746179616e-05,
                "p_property": 0,
                "num_explored": 84
            }
        },
        {
            "rrs": [
                11,
                52
            ],
            "brs": [
                47,
                35,
                41,
                0,
                45,
                53,
                2,
                19,
                32,
                10
            ],
            "property": "Waypoint([src: 9, dst: XXX], 16)",
            "time-explore": 0.7325963973999023,
            "finished": {
                "precision": 9.902808462847192e-05,
                "p_property": 0.0009918865767747128,
                "num_explored": 211
            }
        },
        {
            "rrs": [
                48,
                52
            ],
            "brs": [
                33,
                46,
                34,
                45,
                49,
                41,
                35,
                12,
                18,
                3
            ],
            "property": "Waypoint([src: 25, dst: XXX], 14)",
            "time-explore": 0.7178943157196045,
            "finished": {
                "precision": 9.98737351979307e-05,
                "p_property": 0,
                "num_explored": 211
            }
        },
        {
            "rrs": [
                5,
                9
            ],
            "brs": [
                37,
                36,
                21,
                47,
                24,
                19,
                46,
                3,
                26,
                27
            ],
            "property": "Waypoint([src: 30, dst: XXX], 8)",
            "time-explore": 1.0272092819213867,
            "finished": {
                "precision": 9.933379432147671e-05,
                "p_property": 1.956458934577471e-06,
                "num_explored": 292
            }
        },
        {
            "rrs": [
                7,
                11
            ],
            "brs": [
                28,
                12,
                22,
                35,
                15,
                41,
                3,
                10,
                26,
                30
            ],
            "property": "Waypoint([src: 27, dst: XXX], 25)",
            "time-explore": 0.5740554332733154,
            "finished": {
                "precision": 9.969357441474978e-05,
                "p_property": 0,
                "num_explored": 168
            }
        },
        {
            "rrs": [
                1,
                24
            ],
            "brs": [
                41,
                32,
                2,
                10,
                13,
                27,
                0,
                43,
                20,
                14
            ],
            "property": "Waypoint([src: 15, dst: XXX], 35)",
            "time-explore": 1.1315526962280273,
            "finished": {
                "precision": 9.905003013777062e-05,
                "p_property": 0,
                "num_explored": 317
            }
        },
        {
            "rrs": [
                8,
                4
            ],
            "brs": [
                27,
                50,
                15,
                40,
                30,
                23,
                35,
                32,
                28,
                41
            ],
            "property": "Waypoint([src: 25, dst: XXX], 7)",
            "time-explore": 0.5035297870635986,
            "finished": {
                "precision": 9.964535230722053e-05,
                "p_property": 0,
                "num_explored": 149
            }
        },
        {
            "rrs": [
                30,
                37
            ],
            "brs": [
                22,
                2,
                29,
                13,
                17,
                27,
                43,
                0,
                16,
                10
            ],
            "property": "Waypoint([src: 8, dst: XXX], 46)",
            "time-explore": 1.0325968265533447,
            "finished": {
                "precision": 9.94793543809269e-05,
                "p_property": 0,
                "num_explored": 295
            }
        }
    ]
}