{
    "topology": {
        "name": "Sinet",
        "nof_nodes": 74,
        "nof_links": 76
    },
    "scenarios": [
        {
            "rrs": [
                58,
                14
            ],
            "brs": [
                64,
                30,
                43,
                11,
                27,
                15,
                0,
                70,
                21,
                62
            ],
            "property": "Waypoint([src: 17, dst: XXX], 36)",
            "time-explore": 0.8087775707244873,
            "finished": {
                "precision": 9.973005695596011e-05,
                "p_property": 0,
                "num_explored": 212
            }
        },
        {
            "rrs": [
                17,
                18
            ],
            "brs": [
                65,
                43,
                73,
                41,
                23,
                60,
                8,
                52,
                15,
                51
            ],
            "property": "Waypoint([src: 35, dst: XXX], 2)",
            "time-explore": 0.6254856586456299,
            "finished": {
                "precision": 9.959870157261187e-05,
                "p_property": 0,
                "num_explored": 163
            }
        },
        {
            "rrs": [
                24,
                66
            ],
            "brs": [
                5,
                54,
                59,
                45,
                15,
                36,
                2,
                12,
                22,
                27
            ],
            "property": "Waypoint([src: 40, dst: XXX], 26)",
            "time-explore": 0.5804009437561035,
            "finished": {
                "precision": 9.951841627398045e-05,
                "p_property": 0,
                "num_explored": 151
            }
        },
        {
            "rrs": [
                58,
                16
            ],
            "brs": [
                36,
                65,
                28,
                72,
                31,
                21,
                3,
                61,
                42,
                53
            ],
            "property": "Waypoint([src: 35, dst: XXX], 46)",
            "time-explore": 0.6094746589660645,
            "finished": {
                "precision": 9.954578017801191e-05,
                "p_property": 0,
                "num_explored": 160
            }
        },
        {
            "rrs": [
                63,
                25
            ],
            "brs": [
                37,
                59,
                15,
                65,
                55,
                29,
                28,
                30,
                2,
                64
            ],
            "property": "Waypoint([src: 11, dst: XXX], 6)",
            "time-explore": 0.4707012176513672,
            "finished": {
                "precision": 9.932270298085301e-05,
                "p_property": 0,
                "num_explored": 125
            }
        },
        {
            "rrs": [
                9,
                5
            ],
            "brs": [
                67,
                3,
                20,
                65,
                22,
                12,
                62,
                18,
                21,
                39
            ],
            "property": "Waypoint([src: 73, dst: XXX], 15)",
            "time-explore": 0.7116258144378662,
            "finished": {
                "precision": 9.953048870747766e-05,
                "p_property": 0,
                "num_explored": 191
            }
        },
        {
            "rrs": [
                32,
                49
            ],
            "brs": [
                27,
                28,
                68,
                51,
                22,
                43,
                6,
                60,
                19,
                64
            ],
            "property": "Waypoint([src: 40, dst: XXX], 0)",
            "time-explore": 0.8498513698577881,
            "finished": {
                "precision": 9.993926381612896e-05,
                "p_property": 0,
                "num_explored": 219
            }
        },
        {
            "rrs": [
                17,
                60
            ],
            "brs": [
                22,
                26,
                8,
                1,
                37,
                52,
                11,
                0,
                58,
                31
            ],
            "property": "Waypoint([src: 16, dst: XXX], 20)",
            "time-explore": 0.5492892265319824,
            "finished": {
                "precision": 9.939063365016479e-05,
                "p_property": 0,
                "num_explored": 145
            }
        },
        {
            "rrs": [
                47,
                10
            ],
            "brs": [
                71,
                39,
                33,
                20,
                43,
                2,
                4,
                11,
                60,
                6
            ],
            "property": "Waypoint([src: 53, dst: XXX], 50)",
            "time-explore": 0.754425048828125,
            "finished": {
                "precision": 9.962902582172364e-05,
                "p_property": 0,
                "num_explored": 197
            }
        },
        {
            "rrs": [
                25,
                70
            ],
            "brs": [
                12,
                56,
                23,
                36,
                4,
                61,
                48,
                3,
                55,
                7
            ],
            "property": "Waypoint([src: 65, dst: XXX], 46)",
            "time-explore": 0.7498345375061035,
            "finished": {
                "precision": 9.962783589911876e-05,
                "p_property": 0,
                "num_explored": 196
            }
        }
    ]
}