{
    "topology": {
        "name": "RedBestel",
        "nof_nodes": 84,
        "nof_links": 101
    },
    "scenarios": [
        {
            "rrs": [
                18,
                7
            ],
            "brs": [
                40,
                15,
                51,
                81,
                19,
                17,
                27,
                8,
                82,
                50
            ],
            "property": "Waypoint([src: 72, dst: XXX], 16)",
            "time-explore": 12.83723759651184,
            "finished": {
                "precision": 9.954482620611057e-05,
                "p_property": 0,
                "num_explored": 1864
            }
        },
        {
            "rrs": [
                7,
                63
            ],
            "brs": [
                40,
                59,
                46,
                28,
                27,
                29,
                75,
                53,
                64,
                17
            ],
            "property": "Waypoint([src: 82, dst: XXX], 19)",
            "time-explore": 18.6582350730896,
            "finished": {
                "precision": 9.973514237771046e-05,
                "p_property": 0,
                "num_explored": 2613
            }
        },
        {
            "rrs": [
                31,
                21
            ],
            "brs": [
                49,
                76,
                69,
                34,
                78,
                55,
                79,
                2,
                56,
                28
            ],
            "property": "Waypoint([src: 12, dst: XXX], 4)",
            "time-explore": 8.824362516403198,
            "finished": {
                "precision": 9.949704587997044e-05,
                "p_property": 0,
                "num_explored": 1417
            }
        },
        {
            "rrs": [
                23,
                40
            ],
            "brs": [
                4,
                60,
                70,
                53,
                83,
                64,
                57,
                25,
                3,
                82
            ],
            "property": "Waypoint([src: 43, dst: XXX], 38)",
            "time-explore": 11.382364511489868,
            "finished": {
                "precision": 9.908128136815178e-05,
                "p_property": 0,
                "num_explored": 1815
            }
        },
        {
            "rrs": [
                29,
                42
            ],
            "brs": [
                76,
                74,
                62,
                3,
                77,
                36,
                60,
                2,
                0,
                81
            ],
            "property": "Waypoint([src: 82, dst: XXX], 13)",
            "time-explore": 6.599828720092773,
            "finished": {
                "precision": 9.97354980909471e-05,
                "p_property": 0,
                "num_explored": 1207
            }
        },
        {
            "rrs": [
                20,
                71
            ],
            "brs": [
                3,
                7,
                59,
                79,
                4,
                81,
                38,
                66,
                52,
                41
            ],
            "property": "Waypoint([src: 51, dst: XXX], 14)",
            "time-explore": 9.884656429290771,
            "finished": {
                "precision": 9.929392840002381e-05,
                "p_property": 0,
                "num_explored": 1606
            }
        },
        {
            "rrs": [
                47,
                43
            ],
            "brs": [
                59,
                73,
                36,
                53,
                75,
                17,
                64,
                76,
                68,
                33
            ],
            "property": "Waypoint([src: 24, dst: XXX], 70)",
            "time-explore": 12.106723546981812,
            "finished": {
                "precision": 9.907203273140648e-05,
                "p_property": 0.0029401723966010307,
                "num_explored": 1846
            }
        },
        {
            "rrs": [
                69,
                28
            ],
            "brs": [
                81,
                78,
                66,
                17,
                55,
                41,
                37,
                3,
                59,
                75
            ],
            "property": "Waypoint([src: 30, dst: XXX], 2)",
            "time-explore": 9.123686075210571,
            "finished": {
                "precision": 9.976722704407859e-05,
                "p_property": 0,
                "num_explored": 1521
            }
        },
        {
            "rrs": [
                48,
                20
            ],
            "brs": [
                64,
                34,
                39,
                50,
                8,
                49,
                0,
                12,
                77,
                56
            ],
            "property": "Waypoint([src: 9, dst: XXX], 5)",
            "time-explore": 12.368849515914917,
            "finished": {
                "precision": 9.972676606417875e-05,
                "p_property": 0.010864331711288982,
                "num_explored": 1784
            }
        },
        {
            "rrs": [
                30,
                22
            ],
            "brs": [
                39,
                25,
                82,
                77,
                19,
                12,
                59,
                38,
                3,
                50
            ],
            "property": "Waypoint([src: 13, dst: XXX], 46)",
            "time-explore": 10.979348182678223,
            "finished": {
                "precision": 9.939505143286016e-05,
                "p_property": 0,
                "num_explored": 1763
            }
        }
    ]
}