{
    "topology": {
        "name": "Garr200912",
        "nof_nodes": 54,
        "nof_links": 68
    },
    "scenarios": [
        {
            "rrs": [
                6,
                7
            ],
            "brs": [
                23,
                16,
                29,
                43,
                10,
                11,
                15,
                51,
                25,
                44
            ],
            "property": "Waypoint([src: 12, dst: XXX], 35)",
            "time-explore": 0.9590003490447998,
            "finished": {
                "precision": 9.940507556216455e-05,
                "p_property": 0,
                "num_explored": 275
            }
        },
        {
            "rrs": [
                52,
                37
            ],
            "brs": [
                42,
                19,
                17,
                22,
                49,
                29,
                25,
                14,
                26,
                11
            ],
            "property": "Waypoint([src: 28, dst: XXX], 48)",
            "time-explore": 0.932600736618042,
            "finished": {
                "precision": 9.940154800991424e-05,
                "p_property": 0.0009928560109876956,
                "num_explored": 260
            }
        },
        {
            "rrs": [
                20,
                30
            ],
            "brs": [
                21,
                27,
                13,
                32,
                46,
                11,
                22,
                28,
                2,
                51
            ],
            "property": "Waypoint([src: 18, dst: XXX], 33)",
            "time-explore": 0.7277858257293701,
            "finished": {
                "precision": 9.980404256337837e-05,
                "p_property": 0,
                "num_explored": 215
            }
        },
        {
            "rrs": [
                9,
                4
            ],
            "brs": [
                20,
                32,
                34,
                10,
                11,
                27,
                23,
                2,
                35,
                49
            ],
            "property": "Waypoint([src: 46, dst: XXX], 19)",
            "time-explore": 1.2753469944000244,
            "finished": {
                "precision": 9.993836635291409e-05,
                "p_property": 0.9959158346127694,
                "num_explored": 350
            }
        },
        {
            "rrs": [
                5,
                48
            ],
            "brs": [
                45,
                14,
                10,
                53,
                47,
                24,
                17,
                41,
                21,
                19
            ],
            "property": "Waypoint([src: 25, dst: XXX], 43)",
            "time-explore": 0.7550580501556396,
            "finished": {
                "precision": 9.995490575775976e-05,
                "p_property": 0,
                "num_explored": 230
            }
        },
        {
            "rrs": [
                6,
                52
            ],
            "brs": [
                5,
                15,
                51,
                36,
                47,
                24,
                13,
                31,
                50,
                40
            ],
            "property": "Waypoint([src: 26, dst: XXX], 3)",
            "time-explore": 0.7921617031097412,
            "finished": {
                "precision": 9.911591988975844e-05,
                "p_property": 0,
                "num_explored": 228
            }
        },
        {
            "rrs": [
                24,
                52
            ],
            "brs": [
                43,
                28,
                40,
                33,
                25,
                21,
                10,
                2,
                3,
                45
            ],
            "property": "Waypoint([src: 1, dst: XXX], 8)",
            "time-explore": 0.8728444576263428,
            "finished": {
                "precision": 9.919029598759452e-05,
                "p_property": 0.0009928238280922993,
                "num_explored": 259
            }
        },
        {
            "rrs": [
                6,
                20
            ],
            "brs": [
                35,
                25,
                29,
                17,
                28,
                32,
                23,
                51,
                44,
                18
            ],
            "property": "Waypoint([src: 15, dst: XXX], 53)",
            "time-explore": 1.2828929424285889,
            "finished": {
                "precision": 9.904424197093588e-05,
                "p_property": 0,
                "num_explored": 354
            }
        },
        {
            "rrs": [
                48,
                7
            ],
            "brs": [
                35,
                46,
                40,
                11,
                53,
                3,
                0,
                43,
                17,
                20
            ],
            "property": "Waypoint([src: 22, dst: XXX], 13)",
            "time-explore": 0.8607838153839111,
            "finished": {
                "precision": 9.92998230811004e-05,
                "p_property": 0,
                "num_explored": 251
            }
        },
        {
            "rrs": [
                19,
                37
            ],
            "brs": [
                43,
                0,
                16,
                17,
                41,
                49,
                2,
                10,
                23,
                29
            ],
            "property": "Waypoint([src: 5, dst: XXX], 35)",
            "time-explore": 0.6565341949462891,
            "finished": {
                "precision": 9.966085503754216e-05,
                "p_property": 0,
                "num_explored": 205
            }
        }
    ]
}